"study_id","cell_id","cell_class","variant_id","scenario_id","n_x","n_y","moment_type","interval_scope","configured_interval_ids","configured_interval_count","expected_replications","successful_replications","complete_interval_replications","missing_component_replications","failed_or_missing_unit_replications","across_interval_joint_construction_grid_band_coverage","across_interval_joint_audit_grid_band_coverage","across_interval_joint_continuum_band_coverage","across_interval_joint_any_primary_false_report_rate"
"main_final_v003","M001_LN_EQUAL_n50","benchmark","main_primary","LN_EQUAL",50,50,"absolute","ALL_CONFIGURED_INTERVALS","K1;K2;K3",3,2032,2032,2032,0,0,0.94488188976378,0.94488188976378,0.94488188976378,0.0551181102362205
"main_final_v003","M002_LN_EQUAL_n100","benchmark","main_primary","LN_EQUAL",100,100,"absolute","ALL_CONFIGURED_INTERVALS","K1;K2;K3",3,2032,2032,2032,0,0,0.948818897637795,0.948818897637795,0.948818897637795,0.0511811023622047
"main_final_v003","M003_LN_EQUAL_n250","benchmark","main_primary","LN_EQUAL",250,250,"absolute","ALL_CONFIGURED_INTERVALS","K1;K2;K3",3,2032,2032,2032,0,0,0.946358267716535,0.946358267716535,0.945374015748031,0.0536417322834646
"main_final_v003","M004_LN_EQUAL_n500","benchmark","main_primary","LN_EQUAL",500,500,"absolute","ALL_CONFIGURED_INTERVALS","K1;K2;K3",3,2032,2032,2032,0,0,0.944389763779528,0.944389763779528,0.943405511811024,0.0556102362204724
"main_final_v003","M005_LN_NO_ROOT_n50","benchmark","main_primary","LN_NO_ROOT",50,50,"absolute","ALL_CONFIGURED_INTERVALS","K1;K2;K3",3,2032,2032,2032,0,0,0.90009842519685,0.90009842519685,0.90009842519685,0
"main_final_v003","M006_LN_NO_ROOT_n100","benchmark","main_primary","LN_NO_ROOT",100,100,"absolute","ALL_CONFIGURED_INTERVALS","K1;K2;K3",3,2032,2032,2032,0,0,0.931102362204724,0.931102362204724,0.931102362204724,0
"main_final_v003","M007_LN_NO_ROOT_n250","benchmark","main_primary","LN_NO_ROOT",250,250,"absolute","ALL_CONFIGURED_INTERVALS","K1;K2;K3",3,2032,2032,2032,0,0,0.93257874015748,0.93257874015748,0.93257874015748,0
"main_final_v003","M008_LN_NO_ROOT_n500","benchmark","main_primary","LN_NO_ROOT",500,500,"absolute","ALL_CONFIGURED_INTERVALS","K1;K2;K3",3,2032,2032,2032,0,0,0.93257874015748,0.93257874015748,0.93257874015748,0
"main_final_v003","M009_MIXED_SIGN_n100","benchmark","main_primary","MIXED_SIGN",100,100,"absolute","ALL_CONFIGURED_INTERVALS","K1;K2;K3",3,2032,2032,2032,0,0,0.976870078740158,0.976870078740158,0.976870078740158,0.0231299212598425
"main_final_v003","M009_MIXED_SIGN_n100","benchmark","main_primary","MIXED_SIGN",100,100,"signed","ALL_CONFIGURED_INTERVALS","K1;K2;K3",3,2032,2032,2032,0,0,0.964074803149606,0.964074803149606,0.964074803149606,0.0241141732283465
"main_final_v003","M010_MIXED_SIGN_n250","benchmark","main_primary","MIXED_SIGN",250,250,"absolute","ALL_CONFIGURED_INTERVALS","K1;K2;K3",3,2032,2032,2032,0,0,0.973425196850394,0.973425196850394,0.973425196850394,0.0265748031496063
"main_final_v003","M010_MIXED_SIGN_n250","benchmark","main_primary","MIXED_SIGN",250,250,"signed","ALL_CONFIGURED_INTERVALS","K1;K2;K3",3,2032,2032,2032,0,0,0.968503937007874,0.968503937007874,0.968503937007874,0.0182086614173228
"main_final_v003","M011_LN_MODERATE_n100","power","main_primary","LN_MODERATE",100,100,"absolute","ALL_CONFIGURED_INTERVALS","K1;K2;K3",3,2032,2032,2032,0,0,0.920275590551181,0.920275590551181,0.920275590551181,0.046259842519685
"main_final_v003","M012_LN_MODERATE_n250","power","main_primary","LN_MODERATE",250,250,"absolute","ALL_CONFIGURED_INTERVALS","K1;K2;K3",3,2032,2032,2032,0,0,0.923720472440945,0.923720472440945,0.923720472440945,0.0452755905511811
"main_final_v003","M013_LN_MODERATE_n500","power","main_primary","LN_MODERATE",500,500,"absolute","ALL_CONFIGURED_INTERVALS","K1;K2;K3",3,2032,2032,2032,0,0,0.929133858267717,0.929133858267717,0.928641732283465,0.0408464566929134
"main_final_v003","M014_LN_MODERATE_n1000","power","main_primary","LN_MODERATE",1000,1000,"absolute","ALL_CONFIGURED_INTERVALS","K1;K2;K3",3,2032,2032,2032,0,0,0.938976377952756,0.938976377952756,0.938976377952756,0.0413385826771654
"main_final_v003","M015_LN_WEAK_n100","power","main_primary","LN_WEAK",100,100,"absolute","ALL_CONFIGURED_INTERVALS","K1;K2;K3",3,2032,2032,2032,0,0,0.932086614173228,0.932086614173228,0.932086614173228,0.0428149606299213
"main_final_v003","M016_LN_WEAK_n250","power","main_primary","LN_WEAK",250,250,"absolute","ALL_CONFIGURED_INTERVALS","K1;K2;K3",3,2032,2032,2032,0,0,0.938976377952756,0.938976377952756,0.938976377952756,0.0339566929133858
"main_final_v003","M017_LN_WEAK_n500","power","main_primary","LN_WEAK",500,500,"absolute","ALL_CONFIGURED_INTERVALS","K1;K2;K3",3,2032,2032,2032,0,0,0.933070866141732,0.933070866141732,0.933070866141732,0.0354330708661417
"main_final_v003","M018_LN_WEAK_n1000","power","main_primary","LN_WEAK",1000,1000,"absolute","ALL_CONFIGURED_INTERVALS","K1;K2;K3",3,2032,2032,2032,0,0,0.937992125984252,0.937992125984252,0.937992125984252,0.030511811023622
"main_final_v003","M019_RARE_CROSSING_P05_n100","power","main_primary","RARE_CROSSING_P05",100,100,"absolute","ALL_CONFIGURED_INTERVALS","K1;K2;K3",3,2032,2032,2032,0,0,0.885826771653543,0.885826771653543,0.885826771653543,0.0703740157480315
"main_final_v003","M020_RARE_CROSSING_P05_n250","power","main_primary","RARE_CROSSING_P05",250,250,"absolute","ALL_CONFIGURED_INTERVALS","K1;K2;K3",3,2032,2032,2032,0,0,0.931594488188976,0.931594488188976,0.931594488188976,0.0374015748031496
"main_final_v003","M021_RARE_CROSSING_P05_n500","power","main_primary","RARE_CROSSING_P05",500,500,"absolute","ALL_CONFIGURED_INTERVALS","K1;K2;K3",3,2032,2032,2032,0,0,0.937992125984252,0.937992125984252,0.937992125984252,0.0364173228346457
"main_final_v003","M022_RARE_CROSSING_P05_n1000","power","main_primary","RARE_CROSSING_P05",1000,1000,"absolute","ALL_CONFIGURED_INTERVALS","K1;K2;K3",3,2032,2032,2032,0,0,0.940452755905512,0.940452755905512,0.940452755905512,0.0413385826771654
"main_final_v003","M023_TANGENCY_STRONG_n500","stress","main_primary","TANGENCY_STRONG",500,500,"absolute","ALL_CONFIGURED_INTERVALS","K1",1,2032,2032,2032,0,0,0.946850393700787,0.946850393700787,0.946850393700787,0.0369094488188976
"main_final_v003","M024_TANGENCY_STRONG_n1000","stress","main_primary","TANGENCY_STRONG",1000,1000,"absolute","ALL_CONFIGURED_INTERVALS","K1",1,2032,2032,2032,0,0,0.949311023622047,0.949311023622047,0.949311023622047,0.0339566929133858
"main_final_v003","M025_TWO_ROOT_STRONG_n500","stress","main_primary","TWO_ROOT_STRONG",500,500,"absolute","ALL_CONFIGURED_INTERVALS","K3",1,2032,2032,2032,0,0,0.948818897637795,0.948818897637795,0.948818897637795,0.0398622047244094
"main_final_v003","M026_TWO_ROOT_STRONG_n1000","stress","main_primary","TWO_ROOT_STRONG",1000,1000,"absolute","ALL_CONFIGURED_INTERVALS","K3",1,2032,2032,2032,0,0,0.948818897637795,0.948818897637795,0.948326771653543,0.0413385826771654
"main_final_v003","M027_LN_HIGH_VARIANCE_n250","stress","main_primary","LN_HIGH_VARIANCE",250,250,"absolute","ALL_CONFIGURED_INTERVALS","K1;K2;K3",3,2032,2032,2032,0,0,0.764763779527559,0.764763779527559,0.764763779527559,0.0511811023622047
"main_final_v003","M028_LN_HIGH_VARIANCE_n500","stress","main_primary","LN_HIGH_VARIANCE",500,500,"absolute","ALL_CONFIGURED_INTERVALS","K1;K2;K3",3,2032,2032,2032,0,0,0.800688976377953,0.800688976377953,0.800688976377953,0.0374015748031496
"main_final_v003","M029_LN_HIGH_VARIANCE_n1000","stress","main_primary","LN_HIGH_VARIANCE",1000,1000,"absolute","ALL_CONFIGURED_INTERVALS","K1;K2;K3",3,2032,2032,2032,0,0,0.831692913385827,0.831692913385827,0.831692913385827,0.0349409448818898
"main_final_v003","M030_RARE_EQUAL_P01_n100","stress","main_primary","RARE_EQUAL_P01",100,100,"absolute","ALL_CONFIGURED_INTERVALS","K1;K2;K3",3,2032,2032,2032,0,0,0.959153543307087,0.959153543307087,0.958169291338583,0.0408464566929134
"main_final_v003","M031_RARE_EQUAL_P01_n250","stress","main_primary","RARE_EQUAL_P01",250,250,"absolute","ALL_CONFIGURED_INTERVALS","K1;K2;K3",3,2032,2032,2032,0,0,0.952263779527559,0.952263779527559,0.952263779527559,0.0477362204724409
"main_final_v003","M032_RARE_EQUAL_P01_n500","stress","main_primary","RARE_EQUAL_P01",500,500,"absolute","ALL_CONFIGURED_INTERVALS","K1;K2;K3",3,2032,2032,2032,0,0,0.955708661417323,0.955708661417323,0.954724409448819,0.0442913385826772
"main_final_v003","M033_RARE_NO_ROOT_P01_n100","stress","main_primary","RARE_NO_ROOT_P01",100,100,"absolute","ALL_CONFIGURED_INTERVALS","K1;K2;K3",3,2032,2032,2032,0,0,0.645669291338583,0.645669291338583,0.645669291338583,0.0664370078740158
"main_final_v003","M034_RARE_NO_ROOT_P01_n250","stress","main_primary","RARE_NO_ROOT_P01",250,250,"absolute","ALL_CONFIGURED_INTERVALS","K1;K2;K3",3,2032,2032,2032,0,0,0.850885826771654,0.850885826771654,0.850885826771654,0.0595472440944882
"main_final_v003","M035_RARE_NO_ROOT_P01_n500","stress","main_primary","RARE_NO_ROOT_P01",500,500,"absolute","ALL_CONFIGURED_INTERVALS","K1;K2;K3",3,2032,2032,2032,0,0,0.873523622047244,0.873523622047244,0.873523622047244,0.0295275590551181
"main_final_v003","M036_RARE_CROSSING_P01_n100","stress","main_primary","RARE_CROSSING_P01",100,100,"absolute","ALL_CONFIGURED_INTERVALS","K1;K2;K3",3,2032,2032,2032,0,0,0.601377952755906,0.601377952755906,0.601377952755906,0.255413385826772
"main_final_v003","M037_RARE_CROSSING_P01_n250","stress","main_primary","RARE_CROSSING_P01",250,250,"absolute","ALL_CONFIGURED_INTERVALS","K1;K2;K3",3,2032,2032,2032,0,0,0.871555118110236,0.871555118110236,0.871555118110236,0.093011811023622
"main_final_v003","M038_RARE_CROSSING_P01_n500","stress","main_primary","RARE_CROSSING_P01",500,500,"absolute","ALL_CONFIGURED_INTERVALS","K1;K2;K3",3,2032,2032,2032,0,0,0.891732283464567,0.891732283464567,0.891732283464567,0.0649606299212598
"main_final_v003","M039_RARE_CROSSING_P01_n1000","stress","main_primary","RARE_CROSSING_P01",1000,1000,"absolute","ALL_CONFIGURED_INTERVALS","K1;K2;K3",3,2032,2032,2032,0,0,0.923228346456693,0.923228346456693,0.923228346456693,0.0452755905511811
"main_final_v003","M040_TANGENCY_n500","stress","main_primary","TANGENCY",500,500,"absolute","ALL_CONFIGURED_INTERVALS","K1",1,2032,2032,2032,0,0,0.945374015748031,0.945374015748031,0.94488188976378,0.0369094488188976
"main_final_v003","M041_TANGENCY_n1000","stress","main_primary","TANGENCY",1000,1000,"absolute","ALL_CONFIGURED_INTERVALS","K1",1,2032,2032,2032,0,0,0.951771653543307,0.951771653543307,0.951771653543307,0.0383858267716535
"main_final_v003","M042_TWO_ROOT_n500","stress","main_primary","TWO_ROOT",500,500,"absolute","ALL_CONFIGURED_INTERVALS","K3",1,2032,2032,2032,0,0,0.949803149606299,0.949803149606299,0.949803149606299,0.0408464566929134
"main_final_v003","M043_TWO_ROOT_n1000","stress","main_primary","TWO_ROOT",1000,1000,"absolute","ALL_CONFIGURED_INTERVALS","K3",1,2032,2032,2032,0,0,0.951771653543307,0.951771653543307,0.951771653543307,0.0388779527559055
"main_final_v003","M044_PARETO_n250","stress","main_primary","PARETO",250,250,"absolute","ALL_CONFIGURED_INTERVALS","K1;K2;K3",3,2032,2032,2032,0,0,0.903543307086614,0.903543307086614,0.903051181102362,0.0482283464566929
"main_final_v003","M045_PARETO_n500","stress","main_primary","PARETO",500,500,"absolute","ALL_CONFIGURED_INTERVALS","K1;K2;K3",3,2032,2032,2032,0,0,0.904035433070866,0.904035433070866,0.902066929133858,0.0437992125984252
"main_final_v003","M046_PARETO_n1000","stress","main_primary","PARETO",1000,1000,"absolute","ALL_CONFIGURED_INTERVALS","K1;K2;K3",3,2032,2032,2032,0,0,0.911909448818898,0.911909448818898,0.908956692913386,0.0482283464566929
"main_final_v003","M047_RARE_CROSSING_P01_nx100_ny400","stress","main_primary","RARE_CROSSING_P01",100,400,"absolute","ALL_CONFIGURED_INTERVALS","K1;K2;K3",3,2032,2032,2032,0,0,0.84990157480315,0.84990157480315,0.84990157480315,0.0442913385826772
"main_final_v003","M048_RARE_CROSSING_P01_nx400_ny100","stress","main_primary","RARE_CROSSING_P01",400,100,"absolute","ALL_CONFIGURED_INTERVALS","K1;K2;K3",3,2032,2032,2032,0,0,0.639271653543307,0.639271653543307,0.639271653543307,0.360236220472441
"main_final_v003","M049_TANGENCY_SV_POWER_n2000","power","main_primary","TANGENCY_SV_POWER",2000,2000,"absolute","ALL_CONFIGURED_INTERVALS","K1",1,2032,2032,2032,0,0,0.94488188976378,0.94488188976378,0.94488188976378,0.0329724409448819
"main_final_v003","M050_TANGENCY_SV_POWER_n4000","power","main_primary","TANGENCY_SV_POWER",4000,4000,"absolute","ALL_CONFIGURED_INTERVALS","K1",1,2032,2032,2032,0,0,0.955216535433071,0.955216535433071,0.954724409448819,0.0241141732283465
"main_final_v003","M051_TANGENCY_SV_POWER_n8000","power","main_primary","TANGENCY_SV_POWER",8000,8000,"absolute","ALL_CONFIGURED_INTERVALS","K1",1,2032,2032,2032,0,0,0.946358267716535,0.946358267716535,0.945866141732283,0.031003937007874
"main_final_v003","M052_TWO_ROOT_SV_POWER_n2000","power","main_primary","TWO_ROOT_SV_POWER",2000,2000,"absolute","ALL_CONFIGURED_INTERVALS","K3",1,2032,2032,2032,0,0,0.954232283464567,0.954232283464567,0.954232283464567,0.0359251968503937
"main_final_v003","M053_TWO_ROOT_SV_POWER_n4000","power","main_primary","TWO_ROOT_SV_POWER",4000,4000,"absolute","ALL_CONFIGURED_INTERVALS","K3",1,2032,2032,2032,0,0,0.943897637795276,0.943897637795276,0.943897637795276,0.0433070866141732
"main_final_v003","M054_TWO_ROOT_SV_POWER_n8000","power","main_primary","TWO_ROOT_SV_POWER",8000,8000,"absolute","ALL_CONFIGURED_INTERVALS","K3",1,2032,2032,2032,0,0,0.949803149606299,0.949803149606299,0.948818897637795,0.0364173228346457
