"study_id","cell_id","cell_class","variant_id","scenario_id","n_x","n_y","moment_type","interval_scope","configured_interval_ids","metric","successes","denominator","estimate","mcse","wilson_lower","wilson_upper"
"main_final_v003","M001_LN_EQUAL_n50","benchmark","main_primary","LN_EQUAL",50,50,"absolute","ALL_CONFIGURED_INTERVALS","K1;K2;K3","across_interval_joint_band_covers_truth_on_grid",1920,2032,0.94488188976378,0.00506260530950099,0.934093798157723,0.953991073169794
"main_final_v003","M001_LN_EQUAL_n50","benchmark","main_primary","LN_EQUAL",50,50,"absolute","ALL_CONFIGURED_INTERVALS","K1;K2;K3","across_interval_joint_band_covers_truth_on_audit_grid",1920,2032,0.94488188976378,0.00506260530950099,0.934093798157723,0.953991073169794
"main_final_v003","M001_LN_EQUAL_n50","benchmark","main_primary","LN_EQUAL",50,50,"absolute","ALL_CONFIGURED_INTERVALS","K1;K2;K3","across_interval_joint_continuum_band_covers_truth",1920,2032,0.94488188976378,0.00506260530950099,0.934093798157723,0.953991073169794
"main_final_v003","M001_LN_EQUAL_n50","benchmark","main_primary","LN_EQUAL",50,50,"absolute","ALL_CONFIGURED_INTERVALS","K1;K2;K3","across_interval_joint_any_primary_false_report",112,2032,0.0551181102362205,0.00506260530950098,0.046008926830206,0.0659062018422773
"main_final_v003","M002_LN_EQUAL_n100","benchmark","main_primary","LN_EQUAL",100,100,"absolute","ALL_CONFIGURED_INTERVALS","K1;K2;K3","across_interval_joint_band_covers_truth_on_grid",1928,2032,0.948818897637795,0.00488860141360487,0.938362186768745,0.957581842712112
"main_final_v003","M002_LN_EQUAL_n100","benchmark","main_primary","LN_EQUAL",100,100,"absolute","ALL_CONFIGURED_INTERVALS","K1;K2;K3","across_interval_joint_band_covers_truth_on_audit_grid",1928,2032,0.948818897637795,0.00488860141360487,0.938362186768745,0.957581842712112
"main_final_v003","M002_LN_EQUAL_n100","benchmark","main_primary","LN_EQUAL",100,100,"absolute","ALL_CONFIGURED_INTERVALS","K1;K2;K3","across_interval_joint_continuum_band_covers_truth",1928,2032,0.948818897637795,0.00488860141360487,0.938362186768745,0.957581842712112
"main_final_v003","M002_LN_EQUAL_n100","benchmark","main_primary","LN_EQUAL",100,100,"absolute","ALL_CONFIGURED_INTERVALS","K1;K2;K3","across_interval_joint_any_primary_false_report",104,2032,0.0511811023622047,0.00488860141360487,0.0424181572878878,0.0616378132312546
"main_final_v003","M003_LN_EQUAL_n250","benchmark","main_primary","LN_EQUAL",250,250,"absolute","ALL_CONFIGURED_INTERVALS","K1;K2;K3","across_interval_joint_band_covers_truth_on_grid",1923,2032,0.946358267716535,0.00499824264594891,0.935692726073977,0.955339329561042
"main_final_v003","M003_LN_EQUAL_n250","benchmark","main_primary","LN_EQUAL",250,250,"absolute","ALL_CONFIGURED_INTERVALS","K1;K2;K3","across_interval_joint_band_covers_truth_on_audit_grid",1923,2032,0.946358267716535,0.00499824264594891,0.935692726073977,0.955339329561042
"main_final_v003","M003_LN_EQUAL_n250","benchmark","main_primary","LN_EQUAL",250,250,"absolute","ALL_CONFIGURED_INTERVALS","K1;K2;K3","across_interval_joint_continuum_band_covers_truth",1921,2032,0.945374015748031,0.00504126603508016,0.934626551904839,0.954440714191845
"main_final_v003","M003_LN_EQUAL_n250","benchmark","main_primary","LN_EQUAL",250,250,"absolute","ALL_CONFIGURED_INTERVALS","K1;K2;K3","across_interval_joint_any_primary_false_report",109,2032,0.0536417322834646,0.00499824264594891,0.0446606704389576,0.0643072739260229
"main_final_v003","M004_LN_EQUAL_n500","benchmark","main_primary","LN_EQUAL",500,500,"absolute","ALL_CONFIGURED_INTERVALS","K1;K2;K3","across_interval_joint_band_covers_truth_on_grid",1919,2032,0.944389763779528,0.00508383156970428,0.933561262932979,0.95354121362537
"main_final_v003","M004_LN_EQUAL_n500","benchmark","main_primary","LN_EQUAL",500,500,"absolute","ALL_CONFIGURED_INTERVALS","K1;K2;K3","across_interval_joint_band_covers_truth_on_audit_grid",1919,2032,0.944389763779528,0.00508383156970428,0.933561262932979,0.95354121362537
"main_final_v003","M004_LN_EQUAL_n500","benchmark","main_primary","LN_EQUAL",500,500,"absolute","ALL_CONFIGURED_INTERVALS","K1;K2;K3","across_interval_joint_continuum_band_covers_truth",1917,2032,0.943405511811024,0.00512595065580907,0.932496837302434,0.95264084971758
"main_final_v003","M004_LN_EQUAL_n500","benchmark","main_primary","LN_EQUAL",500,500,"absolute","ALL_CONFIGURED_INTERVALS","K1;K2;K3","across_interval_joint_any_primary_false_report",113,2032,0.0556102362204724,0.00508383156970428,0.0464587863746303,0.0664387370670206
"main_final_v003","M005_LN_NO_ROOT_n50","benchmark","main_primary","LN_NO_ROOT",50,50,"absolute","ALL_CONFIGURED_INTERVALS","K1;K2;K3","across_interval_joint_band_covers_truth_on_grid",1829,2032,0.90009842519685,0.00665226155060796,0.886295728079728,0.912391219253536
"main_final_v003","M005_LN_NO_ROOT_n50","benchmark","main_primary","LN_NO_ROOT",50,50,"absolute","ALL_CONFIGURED_INTERVALS","K1;K2;K3","across_interval_joint_band_covers_truth_on_audit_grid",1829,2032,0.90009842519685,0.00665226155060796,0.886295728079728,0.912391219253536
"main_final_v003","M005_LN_NO_ROOT_n50","benchmark","main_primary","LN_NO_ROOT",50,50,"absolute","ALL_CONFIGURED_INTERVALS","K1;K2;K3","across_interval_joint_continuum_band_covers_truth",1829,2032,0.90009842519685,0.00665226155060796,0.886295728079728,0.912391219253536
"main_final_v003","M005_LN_NO_ROOT_n50","benchmark","main_primary","LN_NO_ROOT",50,50,"absolute","ALL_CONFIGURED_INTERVALS","K1;K2;K3","across_interval_joint_any_primary_false_report",0,2032,0,0,0,0.00188691452571133
"main_final_v003","M006_LN_NO_ROOT_n100","benchmark","main_primary","LN_NO_ROOT",100,100,"absolute","ALL_CONFIGURED_INTERVALS","K1;K2;K3","across_interval_joint_band_covers_truth_on_grid",1892,2032,0.931102362204724,0.00561874119434319,0.919256742538509,0.941321075252314
"main_final_v003","M006_LN_NO_ROOT_n100","benchmark","main_primary","LN_NO_ROOT",100,100,"absolute","ALL_CONFIGURED_INTERVALS","K1;K2;K3","across_interval_joint_band_covers_truth_on_audit_grid",1892,2032,0.931102362204724,0.00561874119434319,0.919256742538509,0.941321075252314
"main_final_v003","M006_LN_NO_ROOT_n100","benchmark","main_primary","LN_NO_ROOT",100,100,"absolute","ALL_CONFIGURED_INTERVALS","K1;K2;K3","across_interval_joint_continuum_band_covers_truth",1892,2032,0.931102362204724,0.00561874119434319,0.919256742538509,0.941321075252314
"main_final_v003","M006_LN_NO_ROOT_n100","benchmark","main_primary","LN_NO_ROOT",100,100,"absolute","ALL_CONFIGURED_INTERVALS","K1;K2;K3","across_interval_joint_any_primary_false_report",0,2032,0,0,0,0.00188691452571133
"main_final_v003","M007_LN_NO_ROOT_n250","benchmark","main_primary","LN_NO_ROOT",250,250,"absolute","ALL_CONFIGURED_INTERVALS","K1;K2;K3","across_interval_joint_band_covers_truth_on_grid",1895,2032,0.93257874015748,0.00556261926191565,0.920839717861407,0.942685284236919
"main_final_v003","M007_LN_NO_ROOT_n250","benchmark","main_primary","LN_NO_ROOT",250,250,"absolute","ALL_CONFIGURED_INTERVALS","K1;K2;K3","across_interval_joint_band_covers_truth_on_audit_grid",1895,2032,0.93257874015748,0.00556261926191565,0.920839717861407,0.942685284236919
"main_final_v003","M007_LN_NO_ROOT_n250","benchmark","main_primary","LN_NO_ROOT",250,250,"absolute","ALL_CONFIGURED_INTERVALS","K1;K2;K3","across_interval_joint_continuum_band_covers_truth",1895,2032,0.93257874015748,0.00556261926191565,0.920839717861407,0.942685284236919
"main_final_v003","M007_LN_NO_ROOT_n250","benchmark","main_primary","LN_NO_ROOT",250,250,"absolute","ALL_CONFIGURED_INTERVALS","K1;K2;K3","across_interval_joint_any_primary_false_report",0,2032,0,0,0,0.00188691452571133
"main_final_v003","M008_LN_NO_ROOT_n500","benchmark","main_primary","LN_NO_ROOT",500,500,"absolute","ALL_CONFIGURED_INTERVALS","K1;K2;K3","across_interval_joint_band_covers_truth_on_grid",1895,2032,0.93257874015748,0.00556261926191565,0.920839717861407,0.942685284236919
"main_final_v003","M008_LN_NO_ROOT_n500","benchmark","main_primary","LN_NO_ROOT",500,500,"absolute","ALL_CONFIGURED_INTERVALS","K1;K2;K3","across_interval_joint_band_covers_truth_on_audit_grid",1895,2032,0.93257874015748,0.00556261926191565,0.920839717861407,0.942685284236919
"main_final_v003","M008_LN_NO_ROOT_n500","benchmark","main_primary","LN_NO_ROOT",500,500,"absolute","ALL_CONFIGURED_INTERVALS","K1;K2;K3","across_interval_joint_continuum_band_covers_truth",1895,2032,0.93257874015748,0.00556261926191565,0.920839717861407,0.942685284236919
"main_final_v003","M008_LN_NO_ROOT_n500","benchmark","main_primary","LN_NO_ROOT",500,500,"absolute","ALL_CONFIGURED_INTERVALS","K1;K2;K3","across_interval_joint_any_primary_false_report",0,2032,0,0,0,0.00188691452571133
"main_final_v003","M009_MIXED_SIGN_n100","benchmark","main_primary","MIXED_SIGN",100,100,"absolute","ALL_CONFIGURED_INTERVALS","K1;K2;K3","across_interval_joint_band_covers_truth_on_grid",1985,2032,0.976870078740158,0.00333459910367975,0.969379031981187,0.982561499342224
"main_final_v003","M009_MIXED_SIGN_n100","benchmark","main_primary","MIXED_SIGN",100,100,"absolute","ALL_CONFIGURED_INTERVALS","K1;K2;K3","across_interval_joint_band_covers_truth_on_audit_grid",1985,2032,0.976870078740158,0.00333459910367975,0.969379031981187,0.982561499342224
"main_final_v003","M009_MIXED_SIGN_n100","benchmark","main_primary","MIXED_SIGN",100,100,"absolute","ALL_CONFIGURED_INTERVALS","K1;K2;K3","across_interval_joint_continuum_band_covers_truth",1985,2032,0.976870078740158,0.00333459910367975,0.969379031981187,0.982561499342224
"main_final_v003","M009_MIXED_SIGN_n100","benchmark","main_primary","MIXED_SIGN",100,100,"absolute","ALL_CONFIGURED_INTERVALS","K1;K2;K3","across_interval_joint_any_primary_false_report",47,2032,0.0231299212598425,0.00333459910367975,0.017438500657776,0.0306209680188129
"main_final_v003","M009_MIXED_SIGN_n100","benchmark","main_primary","MIXED_SIGN",100,100,"signed","ALL_CONFIGURED_INTERVALS","K1;K2;K3","across_interval_joint_band_covers_truth_on_grid",1959,2032,0.964074803149606,0.0041285076402327,0.95506775717156,0.971330510153493
"main_final_v003","M009_MIXED_SIGN_n100","benchmark","main_primary","MIXED_SIGN",100,100,"signed","ALL_CONFIGURED_INTERVALS","K1;K2;K3","across_interval_joint_band_covers_truth_on_audit_grid",1959,2032,0.964074803149606,0.0041285076402327,0.95506775717156,0.971330510153493
"main_final_v003","M009_MIXED_SIGN_n100","benchmark","main_primary","MIXED_SIGN",100,100,"signed","ALL_CONFIGURED_INTERVALS","K1;K2;K3","across_interval_joint_continuum_band_covers_truth",1959,2032,0.964074803149606,0.0041285076402327,0.95506775717156,0.971330510153493
"main_final_v003","M009_MIXED_SIGN_n100","benchmark","main_primary","MIXED_SIGN",100,100,"signed","ALL_CONFIGURED_INTERVALS","K1;K2;K3","across_interval_joint_any_primary_false_report",49,2032,0.0241141732283465,0.00340309318811258,0.0182882552053661,0.031736003009558
"main_final_v003","M010_MIXED_SIGN_n250","benchmark","main_primary","MIXED_SIGN",250,250,"absolute","ALL_CONFIGURED_INTERVALS","K1;K2;K3","across_interval_joint_band_covers_truth_on_grid",1978,2032,0.973425196850394,0.00356799689794747,0.965488460590252,0.979575307348986
"main_final_v003","M010_MIXED_SIGN_n250","benchmark","main_primary","MIXED_SIGN",250,250,"absolute","ALL_CONFIGURED_INTERVALS","K1;K2;K3","across_interval_joint_band_covers_truth_on_audit_grid",1978,2032,0.973425196850394,0.00356799689794747,0.965488460590252,0.979575307348986
"main_final_v003","M010_MIXED_SIGN_n250","benchmark","main_primary","MIXED_SIGN",250,250,"absolute","ALL_CONFIGURED_INTERVALS","K1;K2;K3","across_interval_joint_continuum_band_covers_truth",1978,2032,0.973425196850394,0.00356799689794747,0.965488460590252,0.979575307348986
"main_final_v003","M010_MIXED_SIGN_n250","benchmark","main_primary","MIXED_SIGN",250,250,"absolute","ALL_CONFIGURED_INTERVALS","K1;K2;K3","across_interval_joint_any_primary_false_report",54,2032,0.0265748031496063,0.00356799689794747,0.0204246926510143,0.0345115394097478
"main_final_v003","M010_MIXED_SIGN_n250","benchmark","main_primary","MIXED_SIGN",250,250,"signed","ALL_CONFIGURED_INTERVALS","K1;K2;K3","across_interval_joint_band_covers_truth_on_grid",1968,2032,0.968503937007874,0.00387451171727537,0.959981843657638,0.975257976589923
"main_final_v003","M010_MIXED_SIGN_n250","benchmark","main_primary","MIXED_SIGN",250,250,"signed","ALL_CONFIGURED_INTERVALS","K1;K2;K3","across_interval_joint_band_covers_truth_on_audit_grid",1968,2032,0.968503937007874,0.00387451171727537,0.959981843657638,0.975257976589923
"main_final_v003","M010_MIXED_SIGN_n250","benchmark","main_primary","MIXED_SIGN",250,250,"signed","ALL_CONFIGURED_INTERVALS","K1;K2;K3","across_interval_joint_continuum_band_covers_truth",1968,2032,0.968503937007874,0.00387451171727537,0.959981843657638,0.975257976589923
"main_final_v003","M010_MIXED_SIGN_n250","benchmark","main_primary","MIXED_SIGN",250,250,"signed","ALL_CONFIGURED_INTERVALS","K1;K2;K3","across_interval_joint_any_primary_false_report",37,2032,0.0182086614173228,0.00296610660945583,0.0132390674197259,0.0249964535651869
"main_final_v003","M011_LN_MODERATE_n100","power","main_primary","LN_MODERATE",100,100,"absolute","ALL_CONFIGURED_INTERVALS","K1;K2;K3","across_interval_joint_band_covers_truth_on_grid",1870,2032,0.920275590551181,0.00600886926435009,0.907689821217846,0.931275311651291
"main_final_v003","M011_LN_MODERATE_n100","power","main_primary","LN_MODERATE",100,100,"absolute","ALL_CONFIGURED_INTERVALS","K1;K2;K3","across_interval_joint_band_covers_truth_on_audit_grid",1870,2032,0.920275590551181,0.00600886926435009,0.907689821217846,0.931275311651291
"main_final_v003","M011_LN_MODERATE_n100","power","main_primary","LN_MODERATE",100,100,"absolute","ALL_CONFIGURED_INTERVALS","K1;K2;K3","across_interval_joint_continuum_band_covers_truth",1870,2032,0.920275590551181,0.00600886926435009,0.907689821217846,0.931275311651291
"main_final_v003","M011_LN_MODERATE_n100","power","main_primary","LN_MODERATE",100,100,"absolute","ALL_CONFIGURED_INTERVALS","K1;K2;K3","across_interval_joint_any_primary_false_report",94,2032,0.046259842519685,0.00465967103964499,0.0379517630655154,0.056280259761951
"main_final_v003","M012_LN_MODERATE_n250","power","main_primary","LN_MODERATE",250,250,"absolute","ALL_CONFIGURED_INTERVALS","K1;K2;K3","across_interval_joint_band_covers_truth_on_grid",1877,2032,0.923720472440945,0.00588860508939341,0.91136270213611,0.9344791941172
"main_final_v003","M012_LN_MODERATE_n250","power","main_primary","LN_MODERATE",250,250,"absolute","ALL_CONFIGURED_INTERVALS","K1;K2;K3","across_interval_joint_band_covers_truth_on_audit_grid",1877,2032,0.923720472440945,0.00588860508939341,0.91136270213611,0.9344791941172
"main_final_v003","M012_LN_MODERATE_n250","power","main_primary","LN_MODERATE",250,250,"absolute","ALL_CONFIGURED_INTERVALS","K1;K2;K3","across_interval_joint_continuum_band_covers_truth",1877,2032,0.923720472440945,0.00588860508939341,0.91136270213611,0.9344791941172
"main_final_v003","M012_LN_MODERATE_n250","power","main_primary","LN_MODERATE",250,250,"absolute","ALL_CONFIGURED_INTERVALS","K1;K2;K3","across_interval_joint_any_primary_false_report",92,2032,0.0452755905511811,0.00461221159456319,0.0370617132280369,0.0552055200610943
"main_final_v003","M013_LN_MODERATE_n500","power","main_primary","LN_MODERATE",500,500,"absolute","ALL_CONFIGURED_INTERVALS","K1;K2;K3","across_interval_joint_band_covers_truth_on_grid",1888,2032,0.929133858267717,0.00569241672001469,0.917148345306979,0.939499893407174
"main_final_v003","M013_LN_MODERATE_n500","power","main_primary","LN_MODERATE",500,500,"absolute","ALL_CONFIGURED_INTERVALS","K1;K2;K3","across_interval_joint_band_covers_truth_on_audit_grid",1888,2032,0.929133858267717,0.00569241672001469,0.917148345306979,0.939499893407174
"main_final_v003","M013_LN_MODERATE_n500","power","main_primary","LN_MODERATE",500,500,"absolute","ALL_CONFIGURED_INTERVALS","K1;K2;K3","across_interval_joint_continuum_band_covers_truth",1887,2032,0.928641732283465,0.00571063490827643,0.9166216351256,0.939044208819386
"main_final_v003","M013_LN_MODERATE_n500","power","main_primary","LN_MODERATE",500,500,"absolute","ALL_CONFIGURED_INTERVALS","K1;K2;K3","across_interval_joint_any_primary_false_report",83,2032,0.0408464566929134,0.00439095928686782,0.0330713008354128,0.0503543795312099
"main_final_v003","M014_LN_MODERATE_n1000","power","main_primary","LN_MODERATE",1000,1000,"absolute","ALL_CONFIGURED_INTERVALS","K1;K2;K3","across_interval_joint_band_covers_truth_on_grid",1908,2032,0.938976377952756,0.0053102439442812,0.927717064703655,0.94857906939385
"main_final_v003","M014_LN_MODERATE_n1000","power","main_primary","LN_MODERATE",1000,1000,"absolute","ALL_CONFIGURED_INTERVALS","K1;K2;K3","across_interval_joint_band_covers_truth_on_audit_grid",1908,2032,0.938976377952756,0.0053102439442812,0.927717064703655,0.94857906939385
"main_final_v003","M014_LN_MODERATE_n1000","power","main_primary","LN_MODERATE",1000,1000,"absolute","ALL_CONFIGURED_INTERVALS","K1;K2;K3","across_interval_joint_continuum_band_covers_truth",1908,2032,0.938976377952756,0.0053102439442812,0.927717064703655,0.94857906939385
"main_final_v003","M014_LN_MODERATE_n1000","power","main_primary","LN_MODERATE",1000,1000,"absolute","ALL_CONFIGURED_INTERVALS","K1;K2;K3","across_interval_joint_any_primary_false_report",84,2032,0.0413385826771654,0.00441619827615063,0.0335134175218564,0.0508946576139339
"main_final_v003","M015_LN_WEAK_n100","power","main_primary","LN_WEAK",100,100,"absolute","ALL_CONFIGURED_INTERVALS","K1;K2;K3","across_interval_joint_band_covers_truth_on_grid",1894,2032,0.932086614173228,0.00558141062925495,0.920311896496699,0.94223071083246
"main_final_v003","M015_LN_WEAK_n100","power","main_primary","LN_WEAK",100,100,"absolute","ALL_CONFIGURED_INTERVALS","K1;K2;K3","across_interval_joint_band_covers_truth_on_audit_grid",1894,2032,0.932086614173228,0.00558141062925495,0.920311896496699,0.94223071083246
"main_final_v003","M015_LN_WEAK_n100","power","main_primary","LN_WEAK",100,100,"absolute","ALL_CONFIGURED_INTERVALS","K1;K2;K3","across_interval_joint_continuum_band_covers_truth",1894,2032,0.932086614173228,0.00558141062925495,0.920311896496699,0.94223071083246
"main_final_v003","M015_LN_WEAK_n100","power","main_primary","LN_WEAK",100,100,"absolute","ALL_CONFIGURED_INTERVALS","K1;K2;K3","across_interval_joint_any_primary_false_report",87,2032,0.0428149606299213,0.00449090505759238,0.0348417128633989,0.0525135465798943
"main_final_v003","M016_LN_WEAK_n250","power","main_primary","LN_WEAK",250,250,"absolute","ALL_CONFIGURED_INTERVALS","K1;K2;K3","across_interval_joint_band_covers_truth_on_grid",1908,2032,0.938976377952756,0.0053102439442812,0.927717064703655,0.94857906939385
"main_final_v003","M016_LN_WEAK_n250","power","main_primary","LN_WEAK",250,250,"absolute","ALL_CONFIGURED_INTERVALS","K1;K2;K3","across_interval_joint_band_covers_truth_on_audit_grid",1908,2032,0.938976377952756,0.0053102439442812,0.927717064703655,0.94857906939385
"main_final_v003","M016_LN_WEAK_n250","power","main_primary","LN_WEAK",250,250,"absolute","ALL_CONFIGURED_INTERVALS","K1;K2;K3","across_interval_joint_continuum_band_covers_truth",1908,2032,0.938976377952756,0.0053102439442812,0.927717064703655,0.94857906939385
"main_final_v003","M016_LN_WEAK_n250","power","main_primary","LN_WEAK",250,250,"absolute","ALL_CONFIGURED_INTERVALS","K1;K2;K3","across_interval_joint_any_primary_false_report",69,2032,0.0339566929133858,0.00401790014983709,0.0269195767434516,0.0427525768548246
"main_final_v003","M017_LN_WEAK_n500","power","main_primary","LN_WEAK",500,500,"absolute","ALL_CONFIGURED_INTERVALS","K1;K2;K3","across_interval_joint_band_covers_truth_on_grid",1896,2032,0.933070866141732,0.00554374269963078,0.921367704339931,0.943139692527563
"main_final_v003","M017_LN_WEAK_n500","power","main_primary","LN_WEAK",500,500,"absolute","ALL_CONFIGURED_INTERVALS","K1;K2;K3","across_interval_joint_band_covers_truth_on_audit_grid",1896,2032,0.933070866141732,0.00554374269963078,0.921367704339931,0.943139692527563
"main_final_v003","M017_LN_WEAK_n500","power","main_primary","LN_WEAK",500,500,"absolute","ALL_CONFIGURED_INTERVALS","K1;K2;K3","across_interval_joint_continuum_band_covers_truth",1896,2032,0.933070866141732,0.00554374269963078,0.921367704339931,0.943139692527563
"main_final_v003","M017_LN_WEAK_n500","power","main_primary","LN_WEAK",500,500,"absolute","ALL_CONFIGURED_INTERVALS","K1;K2;K3","across_interval_joint_any_primary_false_report",72,2032,0.0354330708661417,0.00410117903365734,0.0282313910182992,0.0443879468874799
"main_final_v003","M018_LN_WEAK_n1000","power","main_primary","LN_WEAK",1000,1000,"absolute","ALL_CONFIGURED_INTERVALS","K1;K2;K3","across_interval_joint_band_covers_truth_on_grid",1906,2032,0.937992125984252,0.00535009095403383,0.926657035735333,0.947674308823837
"main_final_v003","M018_LN_WEAK_n1000","power","main_primary","LN_WEAK",1000,1000,"absolute","ALL_CONFIGURED_INTERVALS","K1;K2;K3","across_interval_joint_band_covers_truth_on_audit_grid",1906,2032,0.937992125984252,0.00535009095403383,0.926657035735333,0.947674308823837
"main_final_v003","M018_LN_WEAK_n1000","power","main_primary","LN_WEAK",1000,1000,"absolute","ALL_CONFIGURED_INTERVALS","K1;K2;K3","across_interval_joint_continuum_band_covers_truth",1906,2032,0.937992125984252,0.00535009095403383,0.926657035735333,0.947674308823837
"main_final_v003","M018_LN_WEAK_n1000","power","main_primary","LN_WEAK",1000,1000,"absolute","ALL_CONFIGURED_INTERVALS","K1;K2;K3","across_interval_joint_any_primary_false_report",62,2032,0.030511811023622,0.00381542922914301,0.0238743110237534,0.0389210791903496
"main_final_v003","M019_RARE_CROSSING_P05_n100","power","main_primary","RARE_CROSSING_P05",100,100,"absolute","ALL_CONFIGURED_INTERVALS","K1;K2;K3","across_interval_joint_band_covers_truth_on_grid",1800,2032,0.885826771653543,0.00705496217404927,0.871265159388336,0.898932339639068
"main_final_v003","M019_RARE_CROSSING_P05_n100","power","main_primary","RARE_CROSSING_P05",100,100,"absolute","ALL_CONFIGURED_INTERVALS","K1;K2;K3","across_interval_joint_band_covers_truth_on_audit_grid",1800,2032,0.885826771653543,0.00705496217404927,0.871265159388336,0.898932339639068
"main_final_v003","M019_RARE_CROSSING_P05_n100","power","main_primary","RARE_CROSSING_P05",100,100,"absolute","ALL_CONFIGURED_INTERVALS","K1;K2;K3","across_interval_joint_continuum_band_covers_truth",1800,2032,0.885826771653543,0.00705496217404927,0.871265159388336,0.898932339639068
"main_final_v003","M019_RARE_CROSSING_P05_n100","power","main_primary","RARE_CROSSING_P05",100,100,"absolute","ALL_CONFIGURED_INTERVALS","K1;K2;K3","across_interval_joint_any_primary_false_report",143,2032,0.0703740157480315,0.00567411903285259,0.0600445761572877,0.0823247903593914
"main_final_v003","M020_RARE_CROSSING_P05_n250","power","main_primary","RARE_CROSSING_P05",250,250,"absolute","ALL_CONFIGURED_INTERVALS","K1;K2;K3","across_interval_joint_band_covers_truth_on_grid",1893,2032,0.931594488188976,0.00560011765927153,0.91978423859597,0.941775973964022
"main_final_v003","M020_RARE_CROSSING_P05_n250","power","main_primary","RARE_CROSSING_P05",250,250,"absolute","ALL_CONFIGURED_INTERVALS","K1;K2;K3","across_interval_joint_band_covers_truth_on_audit_grid",1893,2032,0.931594488188976,0.00560011765927153,0.91978423859597,0.941775973964022
"main_final_v003","M020_RARE_CROSSING_P05_n250","power","main_primary","RARE_CROSSING_P05",250,250,"absolute","ALL_CONFIGURED_INTERVALS","K1;K2;K3","across_interval_joint_continuum_band_covers_truth",1893,2032,0.931594488188976,0.00560011765927153,0.91978423859597,0.941775973964022
"main_final_v003","M020_RARE_CROSSING_P05_n250","power","main_primary","RARE_CROSSING_P05",250,250,"absolute","ALL_CONFIGURED_INTERVALS","K1;K2;K3","across_interval_joint_any_primary_false_report",76,2032,0.0374015748031496,0.00420925916278684,0.0299861572251528,0.0465627597572967
"main_final_v003","M021_RARE_CROSSING_P05_n500","power","main_primary","RARE_CROSSING_P05",500,500,"absolute","ALL_CONFIGURED_INTERVALS","K1;K2;K3","across_interval_joint_band_covers_truth_on_grid",1906,2032,0.937992125984252,0.00535009095403383,0.926657035735333,0.947674308823837
"main_final_v003","M021_RARE_CROSSING_P05_n500","power","main_primary","RARE_CROSSING_P05",500,500,"absolute","ALL_CONFIGURED_INTERVALS","K1;K2;K3","across_interval_joint_band_covers_truth_on_audit_grid",1906,2032,0.937992125984252,0.00535009095403383,0.926657035735333,0.947674308823837
"main_final_v003","M021_RARE_CROSSING_P05_n500","power","main_primary","RARE_CROSSING_P05",500,500,"absolute","ALL_CONFIGURED_INTERVALS","K1;K2;K3","across_interval_joint_continuum_band_covers_truth",1906,2032,0.937992125984252,0.00535009095403383,0.926657035735333,0.947674308823837
"main_final_v003","M021_RARE_CROSSING_P05_n500","power","main_primary","RARE_CROSSING_P05",500,500,"absolute","ALL_CONFIGURED_INTERVALS","K1;K2;K3","across_interval_joint_any_primary_false_report",74,2032,0.0364173228346457,0.00415562785037454,0.0291079889034999,0.0454761385406144
"main_final_v003","M022_RARE_CROSSING_P05_n1000","power","main_primary","RARE_CROSSING_P05",1000,1000,"absolute","ALL_CONFIGURED_INTERVALS","K1;K2;K3","across_interval_joint_band_covers_truth_on_grid",1911,2032,0.940452755905512,0.00524973611144249,0.92930853552954,0.949934782875468
"main_final_v003","M022_RARE_CROSSING_P05_n1000","power","main_primary","RARE_CROSSING_P05",1000,1000,"absolute","ALL_CONFIGURED_INTERVALS","K1;K2;K3","across_interval_joint_band_covers_truth_on_audit_grid",1911,2032,0.940452755905512,0.00524973611144249,0.92930853552954,0.949934782875468
"main_final_v003","M022_RARE_CROSSING_P05_n1000","power","main_primary","RARE_CROSSING_P05",1000,1000,"absolute","ALL_CONFIGURED_INTERVALS","K1;K2;K3","across_interval_joint_continuum_band_covers_truth",1911,2032,0.940452755905512,0.00524973611144249,0.92930853552954,0.949934782875468
"main_final_v003","M022_RARE_CROSSING_P05_n1000","power","main_primary","RARE_CROSSING_P05",1000,1000,"absolute","ALL_CONFIGURED_INTERVALS","K1;K2;K3","across_interval_joint_any_primary_false_report",84,2032,0.0413385826771654,0.00441619827615063,0.0335134175218564,0.0508946576139339
"main_final_v003","M023_TANGENCY_STRONG_n500","stress","main_primary","TANGENCY_STRONG",500,500,"absolute","ALL_CONFIGURED_INTERVALS","K1","across_interval_joint_band_covers_truth_on_grid",1924,2032,0.946850393700787,0.00497655555002117,0.936226152206375,0.955788298197812
"main_final_v003","M023_TANGENCY_STRONG_n500","stress","main_primary","TANGENCY_STRONG",500,500,"absolute","ALL_CONFIGURED_INTERVALS","K1","across_interval_joint_band_covers_truth_on_audit_grid",1924,2032,0.946850393700787,0.00497655555002117,0.936226152206375,0.955788298197812
"main_final_v003","M023_TANGENCY_STRONG_n500","stress","main_primary","TANGENCY_STRONG",500,500,"absolute","ALL_CONFIGURED_INTERVALS","K1","across_interval_joint_continuum_band_covers_truth",1924,2032,0.946850393700787,0.00497655555002117,0.936226152206375,0.955788298197812
"main_final_v003","M023_TANGENCY_STRONG_n500","stress","main_primary","TANGENCY_STRONG",500,500,"absolute","ALL_CONFIGURED_INTERVALS","K1","across_interval_joint_any_primary_false_report",75,2032,0.0369094488188976,0.00418254371790145,0.0295468805069974,0.0460196417062845
"main_final_v003","M024_TANGENCY_STRONG_n1000","stress","main_primary","TANGENCY_STRONG",1000,1000,"absolute","ALL_CONFIGURED_INTERVALS","K1","across_interval_joint_band_covers_truth_on_grid",1929,2032,0.949311023622047,0.00486630326898785,0.938896793558425,0.9580296306916
"main_final_v003","M024_TANGENCY_STRONG_n1000","stress","main_primary","TANGENCY_STRONG",1000,1000,"absolute","ALL_CONFIGURED_INTERVALS","K1","across_interval_joint_band_covers_truth_on_audit_grid",1929,2032,0.949311023622047,0.00486630326898785,0.938896793558425,0.9580296306916
"main_final_v003","M024_TANGENCY_STRONG_n1000","stress","main_primary","TANGENCY_STRONG",1000,1000,"absolute","ALL_CONFIGURED_INTERVALS","K1","across_interval_joint_continuum_band_covers_truth",1929,2032,0.949311023622047,0.00486630326898785,0.938896793558425,0.9580296306916
"main_final_v003","M024_TANGENCY_STRONG_n1000","stress","main_primary","TANGENCY_STRONG",1000,1000,"absolute","ALL_CONFIGURED_INTERVALS","K1","across_interval_joint_any_primary_false_report",69,2032,0.0339566929133858,0.00401790014983709,0.0269195767434516,0.0427525768548246
"main_final_v003","M025_TWO_ROOT_STRONG_n500","stress","main_primary","TWO_ROOT_STRONG",500,500,"absolute","ALL_CONFIGURED_INTERVALS","K3","across_interval_joint_band_covers_truth_on_grid",1928,2032,0.948818897637795,0.00488860141360487,0.938362186768745,0.957581842712112
"main_final_v003","M025_TWO_ROOT_STRONG_n500","stress","main_primary","TWO_ROOT_STRONG",500,500,"absolute","ALL_CONFIGURED_INTERVALS","K3","across_interval_joint_band_covers_truth_on_audit_grid",1928,2032,0.948818897637795,0.00488860141360487,0.938362186768745,0.957581842712112
"main_final_v003","M025_TWO_ROOT_STRONG_n500","stress","main_primary","TWO_ROOT_STRONG",500,500,"absolute","ALL_CONFIGURED_INTERVALS","K3","across_interval_joint_continuum_band_covers_truth",1928,2032,0.948818897637795,0.00488860141360487,0.938362186768745,0.957581842712112
"main_final_v003","M025_TWO_ROOT_STRONG_n500","stress","main_primary","TWO_ROOT_STRONG",500,500,"absolute","ALL_CONFIGURED_INTERVALS","K3","across_interval_joint_any_primary_false_report",81,2032,0.0398622047244094,0.00433995862033724,0.032188073578392,0.0492728172498955
"main_final_v003","M026_TWO_ROOT_STRONG_n1000","stress","main_primary","TWO_ROOT_STRONG",1000,1000,"absolute","ALL_CONFIGURED_INTERVALS","K3","across_interval_joint_band_covers_truth_on_grid",1928,2032,0.948818897637795,0.00488860141360487,0.938362186768745,0.957581842712112
"main_final_v003","M026_TWO_ROOT_STRONG_n1000","stress","main_primary","TWO_ROOT_STRONG",1000,1000,"absolute","ALL_CONFIGURED_INTERVALS","K3","across_interval_joint_band_covers_truth_on_audit_grid",1928,2032,0.948818897637795,0.00488860141360487,0.938362186768745,0.957581842712112
"main_final_v003","M026_TWO_ROOT_STRONG_n1000","stress","main_primary","TWO_ROOT_STRONG",1000,1000,"absolute","ALL_CONFIGURED_INTERVALS","K3","across_interval_joint_continuum_band_covers_truth",1927,2032,0.948326771653543,0.00491077404106897,0.937827822439857,0.957133812271833
"main_final_v003","M026_TWO_ROOT_STRONG_n1000","stress","main_primary","TWO_ROOT_STRONG",1000,1000,"absolute","ALL_CONFIGURED_INTERVALS","K3","across_interval_joint_any_primary_false_report",84,2032,0.0413385826771654,0.00441619827615063,0.0335134175218564,0.0508946576139339
"main_final_v003","M027_LN_HIGH_VARIANCE_n250","stress","main_primary","LN_HIGH_VARIANCE",250,250,"absolute","ALL_CONFIGURED_INTERVALS","K1;K2;K3","across_interval_joint_band_covers_truth_on_grid",1554,2032,0.764763779527559,0.00940922600331388,0.745833083983462,0.782695301828711
"main_final_v003","M027_LN_HIGH_VARIANCE_n250","stress","main_primary","LN_HIGH_VARIANCE",250,250,"absolute","ALL_CONFIGURED_INTERVALS","K1;K2;K3","across_interval_joint_band_covers_truth_on_audit_grid",1554,2032,0.764763779527559,0.00940922600331388,0.745833083983462,0.782695301828711
"main_final_v003","M027_LN_HIGH_VARIANCE_n250","stress","main_primary","LN_HIGH_VARIANCE",250,250,"absolute","ALL_CONFIGURED_INTERVALS","K1;K2;K3","across_interval_joint_continuum_band_covers_truth",1554,2032,0.764763779527559,0.00940922600331388,0.745833083983462,0.782695301828711
"main_final_v003","M027_LN_HIGH_VARIANCE_n250","stress","main_primary","LN_HIGH_VARIANCE",250,250,"absolute","ALL_CONFIGURED_INTERVALS","K1;K2;K3","across_interval_joint_any_primary_false_report",104,2032,0.0511811023622047,0.00488860141360487,0.0424181572878878,0.0616378132312546
"main_final_v003","M028_LN_HIGH_VARIANCE_n500","stress","main_primary","LN_HIGH_VARIANCE",500,500,"absolute","ALL_CONFIGURED_INTERVALS","K1;K2;K3","across_interval_joint_band_covers_truth_on_grid",1627,2032,0.800688976377953,0.00886208135636989,0.782759363691742,0.817483840269665
"main_final_v003","M028_LN_HIGH_VARIANCE_n500","stress","main_primary","LN_HIGH_VARIANCE",500,500,"absolute","ALL_CONFIGURED_INTERVALS","K1;K2;K3","across_interval_joint_band_covers_truth_on_audit_grid",1627,2032,0.800688976377953,0.00886208135636989,0.782759363691742,0.817483840269665
"main_final_v003","M028_LN_HIGH_VARIANCE_n500","stress","main_primary","LN_HIGH_VARIANCE",500,500,"absolute","ALL_CONFIGURED_INTERVALS","K1;K2;K3","across_interval_joint_continuum_band_covers_truth",1627,2032,0.800688976377953,0.00886208135636989,0.782759363691742,0.817483840269665
"main_final_v003","M028_LN_HIGH_VARIANCE_n500","stress","main_primary","LN_HIGH_VARIANCE",500,500,"absolute","ALL_CONFIGURED_INTERVALS","K1;K2;K3","across_interval_joint_any_primary_false_report",76,2032,0.0374015748031496,0.00420925916278684,0.0299861572251528,0.0465627597572967
"main_final_v003","M029_LN_HIGH_VARIANCE_n1000","stress","main_primary","LN_HIGH_VARIANCE",1000,1000,"absolute","ALL_CONFIGURED_INTERVALS","K1;K2;K3","across_interval_joint_band_covers_truth_on_grid",1690,2032,0.831692913385827,0.00829986158721579,0.814802915343675,0.847331159075292
"main_final_v003","M029_LN_HIGH_VARIANCE_n1000","stress","main_primary","LN_HIGH_VARIANCE",1000,1000,"absolute","ALL_CONFIGURED_INTERVALS","K1;K2;K3","across_interval_joint_band_covers_truth_on_audit_grid",1690,2032,0.831692913385827,0.00829986158721579,0.814802915343675,0.847331159075292
"main_final_v003","M029_LN_HIGH_VARIANCE_n1000","stress","main_primary","LN_HIGH_VARIANCE",1000,1000,"absolute","ALL_CONFIGURED_INTERVALS","K1;K2;K3","across_interval_joint_continuum_band_covers_truth",1690,2032,0.831692913385827,0.00829986158721579,0.814802915343675,0.847331159075292
"main_final_v003","M029_LN_HIGH_VARIANCE_n1000","stress","main_primary","LN_HIGH_VARIANCE",1000,1000,"absolute","ALL_CONFIGURED_INTERVALS","K1;K2;K3","across_interval_joint_any_primary_false_report",71,2032,0.0349409448818898,0.00407363783647504,0.0277937003636122,0.0438432427729992
"main_final_v003","M030_RARE_EQUAL_P01_n100","stress","main_primary","RARE_EQUAL_P01",100,100,"absolute","ALL_CONFIGURED_INTERVALS","K1;K2;K3","across_interval_joint_band_covers_truth_on_grid",1949,2032,0.959153543307087,0.00439095928686782,0.94964562046879,0.966928699164587
"main_final_v003","M030_RARE_EQUAL_P01_n100","stress","main_primary","RARE_EQUAL_P01",100,100,"absolute","ALL_CONFIGURED_INTERVALS","K1;K2;K3","across_interval_joint_band_covers_truth_on_audit_grid",1949,2032,0.959153543307087,0.00439095928686782,0.94964562046879,0.966928699164587
"main_final_v003","M030_RARE_EQUAL_P01_n100","stress","main_primary","RARE_EQUAL_P01",100,100,"absolute","ALL_CONFIGURED_INTERVALS","K1;K2;K3","across_interval_joint_continuum_band_covers_truth",1947,2032,0.958169291338583,0.00444126700341474,0.94856539212857,0.966044137966471
"main_final_v003","M030_RARE_EQUAL_P01_n100","stress","main_primary","RARE_EQUAL_P01",100,100,"absolute","ALL_CONFIGURED_INTERVALS","K1;K2;K3","across_interval_joint_any_primary_false_report",83,2032,0.0408464566929134,0.00439095928686782,0.0330713008354128,0.0503543795312099
"main_final_v003","M031_RARE_EQUAL_P01_n250","stress","main_primary","RARE_EQUAL_P01",250,250,"absolute","ALL_CONFIGURED_INTERVALS","K1;K2;K3","across_interval_joint_band_covers_truth_on_grid",1935,2032,0.952263779527559,0.00472977843029968,0.94210971741508,0.960711075449951
"main_final_v003","M031_RARE_EQUAL_P01_n250","stress","main_primary","RARE_EQUAL_P01",250,250,"absolute","ALL_CONFIGURED_INTERVALS","K1;K2;K3","across_interval_joint_band_covers_truth_on_audit_grid",1935,2032,0.952263779527559,0.00472977843029968,0.94210971741508,0.960711075449951
"main_final_v003","M031_RARE_EQUAL_P01_n250","stress","main_primary","RARE_EQUAL_P01",250,250,"absolute","ALL_CONFIGURED_INTERVALS","K1;K2;K3","across_interval_joint_continuum_band_covers_truth",1935,2032,0.952263779527559,0.00472977843029968,0.94210971741508,0.960711075449951
"main_final_v003","M031_RARE_EQUAL_P01_n250","stress","main_primary","RARE_EQUAL_P01",250,250,"absolute","ALL_CONFIGURED_INTERVALS","K1;K2;K3","across_interval_joint_any_primary_false_report",97,2032,0.0477362204724409,0.00472977843029968,0.0392889245500489,0.0578902825849203
"main_final_v003","M032_RARE_EQUAL_P01_n500","stress","main_primary","RARE_EQUAL_P01",500,500,"absolute","ALL_CONFIGURED_INTERVALS","K1;K2;K3","across_interval_joint_band_covers_truth_on_grid",1942,2032,0.955708661417323,0.00456415423625654,0.94587037256437,0.963827183684834
"main_final_v003","M032_RARE_EQUAL_P01_n500","stress","main_primary","RARE_EQUAL_P01",500,500,"absolute","ALL_CONFIGURED_INTERVALS","K1;K2;K3","across_interval_joint_band_covers_truth_on_audit_grid",1942,2032,0.955708661417323,0.00456415423625654,0.94587037256437,0.963827183684834
"main_final_v003","M032_RARE_EQUAL_P01_n500","stress","main_primary","RARE_EQUAL_P01",500,500,"absolute","ALL_CONFIGURED_INTERVALS","K1;K2;K3","across_interval_joint_continuum_band_covers_truth",1940,2032,0.954724409448819,0.00461221159456319,0.944794479938906,0.962938286771963
"main_final_v003","M032_RARE_EQUAL_P01_n500","stress","main_primary","RARE_EQUAL_P01",500,500,"absolute","ALL_CONFIGURED_INTERVALS","K1;K2;K3","across_interval_joint_any_primary_false_report",90,2032,0.0442913385826772,0.00456415423625654,0.0361728163151656,0.0541296274356303
"main_final_v003","M033_RARE_NO_ROOT_P01_n100","stress","main_primary","RARE_NO_ROOT_P01",100,100,"absolute","ALL_CONFIGURED_INTERVALS","K1;K2;K3","across_interval_joint_band_covers_truth_on_grid",1312,2032,0.645669291338583,0.010610787334349,0.624615476883246,0.666173374790366
"main_final_v003","M033_RARE_NO_ROOT_P01_n100","stress","main_primary","RARE_NO_ROOT_P01",100,100,"absolute","ALL_CONFIGURED_INTERVALS","K1;K2;K3","across_interval_joint_band_covers_truth_on_audit_grid",1312,2032,0.645669291338583,0.010610787334349,0.624615476883246,0.666173374790366
"main_final_v003","M033_RARE_NO_ROOT_P01_n100","stress","main_primary","RARE_NO_ROOT_P01",100,100,"absolute","ALL_CONFIGURED_INTERVALS","K1;K2;K3","across_interval_joint_continuum_band_covers_truth",1312,2032,0.645669291338583,0.010610787334349,0.624615476883246,0.666173374790366
"main_final_v003","M033_RARE_NO_ROOT_P01_n100","stress","main_primary","RARE_NO_ROOT_P01",100,100,"absolute","ALL_CONFIGURED_INTERVALS","K1;K2;K3","across_interval_joint_any_primary_false_report",135,2032,0.0664370078740158,0.00552478006914155,0.0564060659753115,0.0781041423880267
"main_final_v003","M034_RARE_NO_ROOT_P01_n250","stress","main_primary","RARE_NO_ROOT_P01",250,250,"absolute","ALL_CONFIGURED_INTERVALS","K1;K2;K3","across_interval_joint_band_covers_truth_on_grid",1729,2032,0.850885826771654,0.00790193140731629,0.834736693817352,0.865710776599151
"main_final_v003","M034_RARE_NO_ROOT_P01_n250","stress","main_primary","RARE_NO_ROOT_P01",250,250,"absolute","ALL_CONFIGURED_INTERVALS","K1;K2;K3","across_interval_joint_band_covers_truth_on_audit_grid",1729,2032,0.850885826771654,0.00790193140731629,0.834736693817352,0.865710776599151
"main_final_v003","M034_RARE_NO_ROOT_P01_n250","stress","main_primary","RARE_NO_ROOT_P01",250,250,"absolute","ALL_CONFIGURED_INTERVALS","K1;K2;K3","across_interval_joint_continuum_band_covers_truth",1729,2032,0.850885826771654,0.00790193140731629,0.834736693817352,0.865710776599151
"main_final_v003","M034_RARE_NO_ROOT_P01_n250","stress","main_primary","RARE_NO_ROOT_P01",250,250,"absolute","ALL_CONFIGURED_INTERVALS","K1;K2;K3","across_interval_joint_any_primary_false_report",121,2032,0.0595472440944882,0.00524973611144249,0.0500652171245315,0.0706914644704602
"main_final_v003","M035_RARE_NO_ROOT_P01_n500","stress","main_primary","RARE_NO_ROOT_P01",500,500,"absolute","ALL_CONFIGURED_INTERVALS","K1;K2;K3","across_interval_joint_band_covers_truth_on_grid",1775,2032,0.873523622047244,0.00737361036463165,0.858363253141538,0.887274376656676
"main_final_v003","M035_RARE_NO_ROOT_P01_n500","stress","main_primary","RARE_NO_ROOT_P01",500,500,"absolute","ALL_CONFIGURED_INTERVALS","K1;K2;K3","across_interval_joint_band_covers_truth_on_audit_grid",1775,2032,0.873523622047244,0.00737361036463165,0.858363253141538,0.887274376656676
"main_final_v003","M035_RARE_NO_ROOT_P01_n500","stress","main_primary","RARE_NO_ROOT_P01",500,500,"absolute","ALL_CONFIGURED_INTERVALS","K1;K2;K3","across_interval_joint_continuum_band_covers_truth",1775,2032,0.873523622047244,0.00737361036463165,0.858363253141538,0.887274376656676
"main_final_v003","M035_RARE_NO_ROOT_P01_n500","stress","main_primary","RARE_NO_ROOT_P01",500,500,"absolute","ALL_CONFIGURED_INTERVALS","K1;K2;K3","across_interval_joint_any_primary_false_report",60,2032,0.0295275590551181,0.00375529038316507,0.0230086203945753,0.0378219802811925
"main_final_v003","M036_RARE_CROSSING_P01_n100","stress","main_primary","RARE_CROSSING_P01",100,100,"absolute","ALL_CONFIGURED_INTERVALS","K1;K2;K3","across_interval_joint_band_covers_truth_on_grid",1222,2032,0.601377952755906,0.010861568787387,0.579917611409556,0.622455711038971
"main_final_v003","M036_RARE_CROSSING_P01_n100","stress","main_primary","RARE_CROSSING_P01",100,100,"absolute","ALL_CONFIGURED_INTERVALS","K1;K2;K3","across_interval_joint_band_covers_truth_on_audit_grid",1222,2032,0.601377952755906,0.010861568787387,0.579917611409556,0.622455711038971
"main_final_v003","M036_RARE_CROSSING_P01_n100","stress","main_primary","RARE_CROSSING_P01",100,100,"absolute","ALL_CONFIGURED_INTERVALS","K1;K2;K3","across_interval_joint_continuum_band_covers_truth",1222,2032,0.601377952755906,0.010861568787387,0.579917611409556,0.622455711038971
"main_final_v003","M036_RARE_CROSSING_P01_n100","stress","main_primary","RARE_CROSSING_P01",100,100,"absolute","ALL_CONFIGURED_INTERVALS","K1;K2;K3","across_interval_joint_any_primary_false_report",519,2032,0.255413385826772,0.00967425626775979,0.236925982441605,0.274823817282094
"main_final_v003","M037_RARE_CROSSING_P01_n250","stress","main_primary","RARE_CROSSING_P01",250,250,"absolute","ALL_CONFIGURED_INTERVALS","K1;K2;K3","across_interval_joint_band_covers_truth_on_grid",1771,2032,0.871555118110236,0.00742239356828536,0.856303232834671,0.885404817886873
"main_final_v003","M037_RARE_CROSSING_P01_n250","stress","main_primary","RARE_CROSSING_P01",250,250,"absolute","ALL_CONFIGURED_INTERVALS","K1;K2;K3","across_interval_joint_band_covers_truth_on_audit_grid",1771,2032,0.871555118110236,0.00742239356828536,0.856303232834671,0.885404817886873
"main_final_v003","M037_RARE_CROSSING_P01_n250","stress","main_primary","RARE_CROSSING_P01",250,250,"absolute","ALL_CONFIGURED_INTERVALS","K1;K2;K3","across_interval_joint_continuum_band_covers_truth",1771,2032,0.871555118110236,0.00742239356828536,0.856303232834671,0.885404817886873
"main_final_v003","M037_RARE_CROSSING_P01_n250","stress","main_primary","RARE_CROSSING_P01",250,250,"absolute","ALL_CONFIGURED_INTERVALS","K1;K2;K3","across_interval_joint_any_primary_false_report",189,2032,0.093011811023622,0.00644329498109848,0.0811397068504994,0.10641981904789
"main_final_v003","M038_RARE_CROSSING_P01_n500","stress","main_primary","RARE_CROSSING_P01",500,500,"absolute","ALL_CONFIGURED_INTERVALS","K1;K2;K3","across_interval_joint_band_covers_truth_on_grid",1812,2032,0.891732283464567,0.00689294608667136,0.877475719268441,0.904510516988974
"main_final_v003","M038_RARE_CROSSING_P01_n500","stress","main_primary","RARE_CROSSING_P01",500,500,"absolute","ALL_CONFIGURED_INTERVALS","K1;K2;K3","across_interval_joint_band_covers_truth_on_audit_grid",1812,2032,0.891732283464567,0.00689294608667136,0.877475719268441,0.904510516988974
"main_final_v003","M038_RARE_CROSSING_P01_n500","stress","main_primary","RARE_CROSSING_P01",500,500,"absolute","ALL_CONFIGURED_INTERVALS","K1;K2;K3","across_interval_joint_continuum_band_covers_truth",1812,2032,0.891732283464567,0.00689294608667136,0.877475719268441,0.904510516988974
"main_final_v003","M038_RARE_CROSSING_P01_n500","stress","main_primary","RARE_CROSSING_P01",500,500,"absolute","ALL_CONFIGURED_INTERVALS","K1;K2;K3","across_interval_joint_any_primary_false_report",132,2032,0.0649606299212598,0.00546736679274438,0.0550443595063453,0.0765186645494902
"main_final_v003","M039_RARE_CROSSING_P01_n1000","stress","main_primary","RARE_CROSSING_P01",1000,1000,"absolute","ALL_CONFIGURED_INTERVALS","K1;K2;K3","across_interval_joint_band_covers_truth_on_grid",1876,2032,0.923228346456693,0.0059059961671295,0.9108375963799,0.934021905104242
"main_final_v003","M039_RARE_CROSSING_P01_n1000","stress","main_primary","RARE_CROSSING_P01",1000,1000,"absolute","ALL_CONFIGURED_INTERVALS","K1;K2;K3","across_interval_joint_band_covers_truth_on_audit_grid",1876,2032,0.923228346456693,0.0059059961671295,0.9108375963799,0.934021905104242
"main_final_v003","M039_RARE_CROSSING_P01_n1000","stress","main_primary","RARE_CROSSING_P01",1000,1000,"absolute","ALL_CONFIGURED_INTERVALS","K1;K2;K3","across_interval_joint_continuum_band_covers_truth",1876,2032,0.923228346456693,0.0059059961671295,0.9108375963799,0.934021905104242
"main_final_v003","M039_RARE_CROSSING_P01_n1000","stress","main_primary","RARE_CROSSING_P01",1000,1000,"absolute","ALL_CONFIGURED_INTERVALS","K1;K2;K3","across_interval_joint_any_primary_false_report",92,2032,0.0452755905511811,0.00461221159456319,0.0370617132280369,0.0552055200610943
"main_final_v003","M040_TANGENCY_n500","stress","main_primary","TANGENCY",500,500,"absolute","ALL_CONFIGURED_INTERVALS","K1","across_interval_joint_band_covers_truth_on_grid",1921,2032,0.945374015748031,0.00504126603508016,0.934626551904839,0.954440714191845
"main_final_v003","M040_TANGENCY_n500","stress","main_primary","TANGENCY",500,500,"absolute","ALL_CONFIGURED_INTERVALS","K1","across_interval_joint_band_covers_truth_on_audit_grid",1921,2032,0.945374015748031,0.00504126603508016,0.934626551904839,0.954440714191845
"main_final_v003","M040_TANGENCY_n500","stress","main_primary","TANGENCY",500,500,"absolute","ALL_CONFIGURED_INTERVALS","K1","across_interval_joint_continuum_band_covers_truth",1920,2032,0.94488188976378,0.00506260530950099,0.934093798157723,0.953991073169794
"main_final_v003","M040_TANGENCY_n500","stress","main_primary","TANGENCY",500,500,"absolute","ALL_CONFIGURED_INTERVALS","K1","across_interval_joint_any_primary_false_report",75,2032,0.0369094488188976,0.00418254371790145,0.0295468805069974,0.0460196417062845
"main_final_v003","M041_TANGENCY_n1000","stress","main_primary","TANGENCY",1000,1000,"absolute","ALL_CONFIGURED_INTERVALS","K1","across_interval_joint_band_covers_truth_on_grid",1934,2032,0.951771653543307,0.00475286761009267,0.941573583329943,0.96026481476592
"main_final_v003","M041_TANGENCY_n1000","stress","main_primary","TANGENCY",1000,1000,"absolute","ALL_CONFIGURED_INTERVALS","K1","across_interval_joint_band_covers_truth_on_audit_grid",1934,2032,0.951771653543307,0.00475286761009267,0.941573583329943,0.96026481476592
"main_final_v003","M041_TANGENCY_n1000","stress","main_primary","TANGENCY",1000,1000,"absolute","ALL_CONFIGURED_INTERVALS","K1","across_interval_joint_continuum_band_covers_truth",1934,2032,0.951771653543307,0.00475286761009267,0.941573583329943,0.96026481476592
"main_final_v003","M041_TANGENCY_n1000","stress","main_primary","TANGENCY",1000,1000,"absolute","ALL_CONFIGURED_INTERVALS","K1","across_interval_joint_any_primary_false_report",78,2032,0.0383858267716535,0.00426210383170094,0.0308658374629594,0.0476478690578253
"main_final_v003","M042_TWO_ROOT_n500","stress","main_primary","TWO_ROOT",500,500,"absolute","ALL_CONFIGURED_INTERVALS","K3","across_interval_joint_band_covers_truth_on_grid",1930,2032,0.949803149606299,0.0048438778738139,0.939431646124659,0.958477172894533
"main_final_v003","M042_TWO_ROOT_n500","stress","main_primary","TWO_ROOT",500,500,"absolute","ALL_CONFIGURED_INTERVALS","K3","across_interval_joint_band_covers_truth_on_audit_grid",1930,2032,0.949803149606299,0.0048438778738139,0.939431646124659,0.958477172894533
"main_final_v003","M042_TWO_ROOT_n500","stress","main_primary","TWO_ROOT",500,500,"absolute","ALL_CONFIGURED_INTERVALS","K3","across_interval_joint_continuum_band_covers_truth",1930,2032,0.949803149606299,0.0048438778738139,0.939431646124659,0.958477172894533
"main_final_v003","M042_TWO_ROOT_n500","stress","main_primary","TWO_ROOT",500,500,"absolute","ALL_CONFIGURED_INTERVALS","K3","across_interval_joint_any_primary_false_report",83,2032,0.0408464566929134,0.00439095928686782,0.0330713008354128,0.0503543795312099
"main_final_v003","M043_TWO_ROOT_n1000","stress","main_primary","TWO_ROOT",1000,1000,"absolute","ALL_CONFIGURED_INTERVALS","K3","across_interval_joint_band_covers_truth_on_grid",1934,2032,0.951771653543307,0.00475286761009267,0.941573583329943,0.96026481476592
"main_final_v003","M043_TWO_ROOT_n1000","stress","main_primary","TWO_ROOT",1000,1000,"absolute","ALL_CONFIGURED_INTERVALS","K3","across_interval_joint_band_covers_truth_on_audit_grid",1934,2032,0.951771653543307,0.00475286761009267,0.941573583329943,0.96026481476592
"main_final_v003","M043_TWO_ROOT_n1000","stress","main_primary","TWO_ROOT",1000,1000,"absolute","ALL_CONFIGURED_INTERVALS","K3","across_interval_joint_continuum_band_covers_truth",1934,2032,0.951771653543307,0.00475286761009267,0.941573583329943,0.96026481476592
"main_final_v003","M043_TWO_ROOT_n1000","stress","main_primary","TWO_ROOT",1000,1000,"absolute","ALL_CONFIGURED_INTERVALS","K3","across_interval_joint_any_primary_false_report",79,2032,0.0388779527559055,0.00428824027982887,0.031306227272423,0.0481898740175293
"main_final_v003","M044_PARETO_n250","stress","main_primary","PARETO",250,250,"absolute","ALL_CONFIGURED_INTERVALS","K1;K2;K3","across_interval_joint_band_covers_truth_on_grid",1836,2032,0.903543307086614,0.00654905772906164,0.889935467084186,0.915628243633252
"main_final_v003","M044_PARETO_n250","stress","main_primary","PARETO",250,250,"absolute","ALL_CONFIGURED_INTERVALS","K1;K2;K3","across_interval_joint_band_covers_truth_on_audit_grid",1836,2032,0.903543307086614,0.00654905772906164,0.889935467084186,0.915628243633252
"main_final_v003","M044_PARETO_n250","stress","main_primary","PARETO",250,250,"absolute","ALL_CONFIGURED_INTERVALS","K1;K2;K3","across_interval_joint_continuum_band_covers_truth",1835,2032,0.903051181102362,0.00656395495352347,0.889415205292043,0.915166110656227
"main_final_v003","M044_PARETO_n250","stress","main_primary","PARETO",250,250,"absolute","ALL_CONFIGURED_INTERVALS","K1;K2;K3","across_interval_joint_any_primary_false_report",98,2032,0.0482283464566929,0.00475286761009267,0.0397351852340803,0.0584264166700565
"main_final_v003","M045_PARETO_n500","stress","main_primary","PARETO",500,500,"absolute","ALL_CONFIGURED_INTERVALS","K1;K2;K3","across_interval_joint_band_covers_truth_on_grid",1837,2032,0.904035433070866,0.00653410829962883,0.890455830369486,0.916090275117119
"main_final_v003","M045_PARETO_n500","stress","main_primary","PARETO",500,500,"absolute","ALL_CONFIGURED_INTERVALS","K1;K2;K3","across_interval_joint_band_covers_truth_on_audit_grid",1837,2032,0.904035433070866,0.00653410829962883,0.890455830369486,0.916090275117119
"main_final_v003","M045_PARETO_n500","stress","main_primary","PARETO",500,500,"absolute","ALL_CONFIGURED_INTERVALS","K1;K2;K3","across_interval_joint_continuum_band_covers_truth",1833,2032,0.902066929133858,0.00659359420168474,0.888374983452643,0.914241542957291
"main_final_v003","M045_PARETO_n500","stress","main_primary","PARETO",500,500,"absolute","ALL_CONFIGURED_INTERVALS","K1;K2;K3","across_interval_joint_any_primary_false_report",89,2032,0.0437992125984252,0.00453989541520459,0.0357288115032397,0.0535912374783887
"main_final_v003","M046_PARETO_n1000","stress","main_primary","PARETO",1000,1000,"absolute","ALL_CONFIGURED_INTERVALS","K1;K2;K3","across_interval_joint_band_covers_truth_on_grid",1853,2032,0.911909448818898,0.00628750972407757,0.898796041067285,0.923468380726002
"main_final_v003","M046_PARETO_n1000","stress","main_primary","PARETO",1000,1000,"absolute","ALL_CONFIGURED_INTERVALS","K1;K2;K3","across_interval_joint_band_covers_truth_on_audit_grid",1853,2032,0.911909448818898,0.00628750972407757,0.898796041067285,0.923468380726002
"main_final_v003","M046_PARETO_n1000","stress","main_primary","PARETO",1000,1000,"absolute","ALL_CONFIGURED_INTERVALS","K1;K2;K3","across_interval_joint_continuum_band_covers_truth",1847,2032,0.908956692913386,0.00638166138464129,0.895665202614824,0.920704850563458
"main_final_v003","M046_PARETO_n1000","stress","main_primary","PARETO",1000,1000,"absolute","ALL_CONFIGURED_INTERVALS","K1;K2;K3","across_interval_joint_any_primary_false_report",98,2032,0.0482283464566929,0.00475286761009267,0.0397351852340803,0.0584264166700565
"main_final_v003","M047_RARE_CROSSING_P01_nx100_ny400","stress","main_primary","RARE_CROSSING_P01",100,400,"absolute","ALL_CONFIGURED_INTERVALS","K1;K2;K3","across_interval_joint_band_covers_truth_on_grid",1727,2032,0.84990157480315,0.00792338087829044,0.833712415907176,0.864770264970993
"main_final_v003","M047_RARE_CROSSING_P01_nx100_ny400","stress","main_primary","RARE_CROSSING_P01",100,400,"absolute","ALL_CONFIGURED_INTERVALS","K1;K2;K3","across_interval_joint_band_covers_truth_on_audit_grid",1727,2032,0.84990157480315,0.00792338087829044,0.833712415907176,0.864770264970993
"main_final_v003","M047_RARE_CROSSING_P01_nx100_ny400","stress","main_primary","RARE_CROSSING_P01",100,400,"absolute","ALL_CONFIGURED_INTERVALS","K1;K2;K3","across_interval_joint_continuum_band_covers_truth",1727,2032,0.84990157480315,0.00792338087829044,0.833712415907176,0.864770264970993
"main_final_v003","M047_RARE_CROSSING_P01_nx100_ny400","stress","main_primary","RARE_CROSSING_P01",100,400,"absolute","ALL_CONFIGURED_INTERVALS","K1;K2;K3","across_interval_joint_any_primary_false_report",90,2032,0.0442913385826772,0.00456415423625654,0.0361728163151656,0.0541296274356303
"main_final_v003","M048_RARE_CROSSING_P01_nx400_ny100","stress","main_primary","RARE_CROSSING_P01",400,100,"absolute","ALL_CONFIGURED_INTERVALS","K1;K2;K3","across_interval_joint_band_covers_truth_on_grid",1299,2032,0.639271653543307,0.0106529774431928,0.618147460603901,0.659870259070532
"main_final_v003","M048_RARE_CROSSING_P01_nx400_ny100","stress","main_primary","RARE_CROSSING_P01",400,100,"absolute","ALL_CONFIGURED_INTERVALS","K1;K2;K3","across_interval_joint_band_covers_truth_on_audit_grid",1299,2032,0.639271653543307,0.0106529774431928,0.618147460603901,0.659870259070532
"main_final_v003","M048_RARE_CROSSING_P01_nx400_ny100","stress","main_primary","RARE_CROSSING_P01",400,100,"absolute","ALL_CONFIGURED_INTERVALS","K1;K2;K3","across_interval_joint_continuum_band_covers_truth",1299,2032,0.639271653543307,0.0106529774431928,0.618147460603901,0.659870259070532
"main_final_v003","M048_RARE_CROSSING_P01_nx400_ny100","stress","main_primary","RARE_CROSSING_P01",400,100,"absolute","ALL_CONFIGURED_INTERVALS","K1;K2;K3","across_interval_joint_any_primary_false_report",732,2032,0.360236220472441,0.0106498051332439,0.339644743074438,0.381355142481962
"main_final_v003","M049_TANGENCY_SV_POWER_n2000","power","main_primary","TANGENCY_SV_POWER",2000,2000,"absolute","ALL_CONFIGURED_INTERVALS","K1","across_interval_joint_band_covers_truth_on_grid",1920,2032,0.94488188976378,0.00506260530950099,0.934093798157723,0.953991073169794
"main_final_v003","M049_TANGENCY_SV_POWER_n2000","power","main_primary","TANGENCY_SV_POWER",2000,2000,"absolute","ALL_CONFIGURED_INTERVALS","K1","across_interval_joint_band_covers_truth_on_audit_grid",1920,2032,0.94488188976378,0.00506260530950099,0.934093798157723,0.953991073169794
"main_final_v003","M049_TANGENCY_SV_POWER_n2000","power","main_primary","TANGENCY_SV_POWER",2000,2000,"absolute","ALL_CONFIGURED_INTERVALS","K1","across_interval_joint_continuum_band_covers_truth",1920,2032,0.94488188976378,0.00506260530950099,0.934093798157723,0.953991073169794
"main_final_v003","M049_TANGENCY_SV_POWER_n2000","power","main_primary","TANGENCY_SV_POWER",2000,2000,"absolute","ALL_CONFIGURED_INTERVALS","K1","across_interval_joint_any_primary_false_report",67,2032,0.0329724409448819,0.00396125794531981,0.0260471882991164,0.0416601757608246
"main_final_v003","M050_TANGENCY_SV_POWER_n4000","power","main_primary","TANGENCY_SV_POWER",4000,4000,"absolute","ALL_CONFIGURED_INTERVALS","K1","across_interval_joint_band_covers_truth_on_grid",1941,2032,0.955216535433071,0.00458825882330988,0.945332279906963,0.963382881573073
"main_final_v003","M050_TANGENCY_SV_POWER_n4000","power","main_primary","TANGENCY_SV_POWER",4000,4000,"absolute","ALL_CONFIGURED_INTERVALS","K1","across_interval_joint_band_covers_truth_on_audit_grid",1941,2032,0.955216535433071,0.00458825882330988,0.945332279906963,0.963382881573073
"main_final_v003","M050_TANGENCY_SV_POWER_n4000","power","main_primary","TANGENCY_SV_POWER",4000,4000,"absolute","ALL_CONFIGURED_INTERVALS","K1","across_interval_joint_continuum_band_covers_truth",1940,2032,0.954724409448819,0.00461221159456319,0.944794479938906,0.962938286771963
"main_final_v003","M050_TANGENCY_SV_POWER_n4000","power","main_primary","TANGENCY_SV_POWER",4000,4000,"absolute","ALL_CONFIGURED_INTERVALS","K1","across_interval_joint_any_primary_false_report",49,2032,0.0241141732283465,0.00340309318811258,0.0182882552053661,0.031736003009558
"main_final_v003","M051_TANGENCY_SV_POWER_n8000","power","main_primary","TANGENCY_SV_POWER",8000,8000,"absolute","ALL_CONFIGURED_INTERVALS","K1","across_interval_joint_band_covers_truth_on_grid",1923,2032,0.946358267716535,0.00499824264594891,0.935692726073977,0.955339329561042
"main_final_v003","M051_TANGENCY_SV_POWER_n8000","power","main_primary","TANGENCY_SV_POWER",8000,8000,"absolute","ALL_CONFIGURED_INTERVALS","K1","across_interval_joint_band_covers_truth_on_audit_grid",1923,2032,0.946358267716535,0.00499824264594891,0.935692726073977,0.955339329561042
"main_final_v003","M051_TANGENCY_SV_POWER_n8000","power","main_primary","TANGENCY_SV_POWER",8000,8000,"absolute","ALL_CONFIGURED_INTERVALS","K1","across_interval_joint_continuum_band_covers_truth",1922,2032,0.945866141732283,0.00501981230516817,0.935159526935823,0.954890133930029
"main_final_v003","M051_TANGENCY_SV_POWER_n8000","power","main_primary","TANGENCY_SV_POWER",8000,8000,"absolute","ALL_CONFIGURED_INTERVALS","K1","across_interval_joint_any_primary_false_report",63,2032,0.031003937007874,0.0038450994541041,0.0243079202697666,0.039469864713504
"main_final_v003","M052_TWO_ROOT_SV_POWER_n2000","power","main_primary","TWO_ROOT_SV_POWER",2000,2000,"absolute","ALL_CONFIGURED_INTERVALS","K3","across_interval_joint_band_covers_truth_on_grid",1939,2032,0.954232283464567,0.00463601490316466,0.944256968172451,0.96249340376925
"main_final_v003","M052_TWO_ROOT_SV_POWER_n2000","power","main_primary","TWO_ROOT_SV_POWER",2000,2000,"absolute","ALL_CONFIGURED_INTERVALS","K3","across_interval_joint_band_covers_truth_on_audit_grid",1939,2032,0.954232283464567,0.00463601490316466,0.944256968172451,0.96249340376925
"main_final_v003","M052_TWO_ROOT_SV_POWER_n2000","power","main_primary","TWO_ROOT_SV_POWER",2000,2000,"absolute","ALL_CONFIGURED_INTERVALS","K3","across_interval_joint_continuum_band_covers_truth",1939,2032,0.954232283464567,0.00463601490316466,0.944256968172451,0.96249340376925
"main_final_v003","M052_TWO_ROOT_SV_POWER_n2000","power","main_primary","TWO_ROOT_SV_POWER",2000,2000,"absolute","ALL_CONFIGURED_INTERVALS","K3","across_interval_joint_any_primary_false_report",73,2032,0.0359251968503937,0.00412850764023269,0.0286694898465067,0.0449322428284399
"main_final_v003","M053_TWO_ROOT_SV_POWER_n4000","power","main_primary","TWO_ROOT_SV_POWER",4000,4000,"absolute","ALL_CONFIGURED_INTERVALS","K3","across_interval_joint_band_covers_truth_on_grid",1918,2032,0.943897637795276,0.00510494622542254,0.933028943529037,0.953091138260144
"main_final_v003","M053_TWO_ROOT_SV_POWER_n4000","power","main_primary","TWO_ROOT_SV_POWER",4000,4000,"absolute","ALL_CONFIGURED_INTERVALS","K3","across_interval_joint_band_covers_truth_on_audit_grid",1918,2032,0.943897637795276,0.00510494622542254,0.933028943529037,0.953091138260144
"main_final_v003","M053_TWO_ROOT_SV_POWER_n4000","power","main_primary","TWO_ROOT_SV_POWER",4000,4000,"absolute","ALL_CONFIGURED_INTERVALS","K3","across_interval_joint_continuum_band_covers_truth",1918,2032,0.943897637795276,0.00510494622542254,0.933028943529037,0.953091138260144
"main_final_v003","M053_TWO_ROOT_SV_POWER_n4000","power","main_primary","TWO_ROOT_SV_POWER",4000,4000,"absolute","ALL_CONFIGURED_INTERVALS","K3","across_interval_joint_any_primary_false_report",88,2032,0.0433070866141732,0.00451547987434917,0.0352851087291446,0.0530525454833161
"main_final_v003","M054_TWO_ROOT_SV_POWER_n8000","power","main_primary","TWO_ROOT_SV_POWER",8000,8000,"absolute","ALL_CONFIGURED_INTERVALS","K3","across_interval_joint_band_covers_truth_on_grid",1930,2032,0.949803149606299,0.0048438778738139,0.939431646124659,0.958477172894533
"main_final_v003","M054_TWO_ROOT_SV_POWER_n8000","power","main_primary","TWO_ROOT_SV_POWER",8000,8000,"absolute","ALL_CONFIGURED_INTERVALS","K3","across_interval_joint_band_covers_truth_on_audit_grid",1930,2032,0.949803149606299,0.0048438778738139,0.939431646124659,0.958477172894533
"main_final_v003","M054_TWO_ROOT_SV_POWER_n8000","power","main_primary","TWO_ROOT_SV_POWER",8000,8000,"absolute","ALL_CONFIGURED_INTERVALS","K3","across_interval_joint_continuum_band_covers_truth",1928,2032,0.948818897637795,0.00488860141360487,0.938362186768745,0.957581842712112
"main_final_v003","M054_TWO_ROOT_SV_POWER_n8000","power","main_primary","TWO_ROOT_SV_POWER",8000,8000,"absolute","ALL_CONFIGURED_INTERVALS","K3","across_interval_joint_any_primary_false_report",74,2032,0.0364173228346457,0.00415562785037454,0.0291079889034999,0.0454761385406144
