"left","right","level","lower_bound","upper_bound","variance_lower_bound","band_lipschitz","positive","negative","outer","limit_hit","depth_limit_hit","node_limit_hit","variance_unresolved_at_limit","statistical_unresolved_at_limit","reason"
0.25,0.2525,0,0.0136155944378972,0.02743175389615,0.0866766547867952,0.287435023960334,TRUE,FALSE,FALSE,FALSE,FALSE,FALSE,FALSE,FALSE,"certified_positive"
0.2525,0.255,0,0.0137654577791519,0.0277463304100813,0.0887539362245671,0.290869694594624,TRUE,FALSE,FALSE,FALSE,FALSE,FALSE,FALSE,FALSE,"certified_positive"
0.255,0.2575,0,0.0139170220328319,0.0280647024972719,0.0908827375911709,0.29434693323999,TRUE,FALSE,FALSE,FALSE,FALSE,FALSE,FALSE,FALSE,"certified_positive"
0.2575,0.26,0,0.0140703070793084,0.0283869180976099,0.0930643764216791,0.297867284701539,TRUE,FALSE,FALSE,FALSE,FALSE,FALSE,FALSE,FALSE,"certified_positive"
0.26,0.2625,0,0.0142253330378536,0.0287130257800561,0.0953002048564759,0.301431300951022,TRUE,FALSE,FALSE,FALSE,FALSE,FALSE,FALSE,FALSE,"certified_positive"
0.2625,0.265,0,0.0143821202695858,0.0290430747511528,0.0975916105711992,0.30503954122331,TRUE,FALSE,FALSE,FALSE,FALSE,FALSE,FALSE,FALSE,"certified_positive"
0.265,0.2675,0,0.014540689380452,0.0293771148636489,0.0999400177321613,0.308692572114201,TRUE,FALSE,FALSE,FALSE,FALSE,FALSE,FALSE,FALSE,"certified_positive"
0.2675,0.27,0,0.014701061224248,0.0297151966252454,0.102346887977961,0.312390967679559,TRUE,FALSE,FALSE,FALSE,FALSE,FALSE,FALSE,FALSE,"certified_positive"
0.27,0.2725,0,0.0148632569056768,0.0300573712074617,0.104813721428012,0.316135309535822,TRUE,FALSE,FALSE,FALSE,FALSE,FALSE,FALSE,FALSE,"certified_positive"
0.2725,0.275,0,0.0150272977834449,0.0304036904546249,0.107342057718749,0.319926186961894,TRUE,FALSE,FALSE,FALSE,FALSE,FALSE,FALSE,FALSE,"certified_positive"
0.275,0.2775,0,0.0151932054733985,0.0307542068929835,0.109933477068263,0.323764197002424,TRUE,FALSE,FALSE,FALSE,FALSE,FALSE,FALSE,FALSE,"certified_positive"
0.2775,0.28,0,0.0153610018516989,0.0311089737399474,0.112589601370185,0.327649944572521,TRUE,FALSE,FALSE,FALSE,FALSE,FALSE,FALSE,FALSE,"certified_positive"
0.28,0.2825,0,0.0155307090580379,0.0314680449134564,0.115312095317608,0.331584042563893,TRUE,FALSE,FALSE,FALSE,FALSE,FALSE,FALSE,FALSE,"certified_positive"
0.2825,0.285,0,0.0157023494988938,0.0318314750414783,0.11810266755791,0.335567111952456,TRUE,FALSE,FALSE,FALSE,FALSE,FALSE,FALSE,FALSE,"certified_positive"
0.285,0.2875,0,0.0158759458508288,0.0321993194716387,0.120963071879321,0.339599781907418,TRUE,FALSE,FALSE,FALSE,FALSE,FALSE,FALSE,FALSE,"certified_positive"
0.2875,0.29,0,0.0160515210638278,0.0325716342809848,0.123895108430132,0.343682689901863,TRUE,FALSE,FALSE,FALSE,FALSE,FALSE,FALSE,FALSE,"certified_positive"
0.29,0.2925,0,0.0162290983646794,0.0329484762858843,0.12690062497146,0.347816481824862,TRUE,FALSE,FALSE,FALSE,FALSE,FALSE,FALSE,FALSE,"certified_positive"
0.2925,0.295,0,0.0164087012603998,0.0333299030520621,0.129981518164495,0.352001812095117,TRUE,FALSE,FALSE,FALSE,FALSE,FALSE,FALSE,FALSE,"certified_positive"
0.295,0.2975,0,0.0165903535416995,0.0337159729047759,0.133139734893206,0.35623934377618,TRUE,FALSE,FALSE,FALSE,FALSE,FALSE,FALSE,FALSE,"certified_positive"
0.2975,0.3,0,0.0167740792864945,0.034106744939134,0.136377273623492,0.360529748693251,TRUE,FALSE,FALSE,FALSE,FALSE,FALSE,FALSE,FALSE,"certified_positive"
0.3,0.3025,0,0.0169599028634615,0.0345022790305551,0.139696185799805,0.364873707551585,TRUE,FALSE,FALSE,FALSE,FALSE,FALSE,FALSE,FALSE,"certified_positive"
0.3025,0.305,0,0.017147848935638,0.034902635845375,0.143098577280275,0.369271910056534,TRUE,FALSE,FALSE,FALSE,FALSE,FALSE,FALSE,FALSE,"certified_positive"
0.305,0.3075,0,0.0173379424640681,0.0353078768515994,0.146586609811443,0.37372505503524,TRUE,FALSE,FALSE,FALSE,FALSE,FALSE,FALSE,FALSE,"certified_positive"
0.3075,0.31,0,0.0175302087114944,0.0357180643298072,0.150162502543692,0.378233850560002,TRUE,FALSE,FALSE,FALSE,FALSE,FALSE,FALSE,FALSE,"certified_positive"
0.31,0.3125,0,0.0177246732460966,0.0361332613842048,0.153828533588522,0.382799014073348,TRUE,FALSE,FALSE,FALSE,FALSE,FALSE,FALSE,FALSE,"certified_positive"
0.3125,0.315,0,0.0179213619452774,0.0365535319538342,0.157587041618841,0.387421272514833,TRUE,FALSE,FALSE,FALSE,FALSE,FALSE,FALSE,FALSE,"certified_positive"
0.315,0.3175,0,0.0181203009994963,0.0369789408239378,0.161440427513487,0.392101362449575,TRUE,FALSE,FALSE,FALSE,FALSE,FALSE,FALSE,FALSE,"certified_positive"
0.3175,0.32,0,0.018321516916152,0.0374095536374802,0.165391156047208,0.396840030198576,TRUE,FALSE,FALSE,FALSE,FALSE,FALSE,FALSE,FALSE,"certified_positive"
0.32,0.3225,0,0.0185250365235142,0.0378454369068312,0.169441757627391,0.401638031970832,TRUE,FALSE,FALSE,FALSE,FALSE,FALSE,FALSE,FALSE,"certified_positive"
0.3225,0.325,0,0.0187308869747046,0.0382866580256114,0.173594830078837,0.406496133997269,TRUE,FALSE,FALSE,FALSE,FALSE,FALSE,FALSE,FALSE,"certified_positive"
0.325,0.3275,0,0.0189390957517289,0.0387332852807025,0.177853040477946,0.411415112666533,TRUE,FALSE,FALSE,FALSE,FALSE,FALSE,FALSE,FALSE,"certified_positive"
0.3275,0.33,0,0.0191496906695594,0.0391853878644248,0.18221912703769,0.416395754662639,TRUE,FALSE,FALSE,FALSE,FALSE,FALSE,FALSE,FALSE,"certified_positive"
0.33,0.3325,0,0.0193626998802703,0.0396430358868851,0.18669590104481,0.421438857104537,TRUE,FALSE,FALSE,FALSE,FALSE,FALSE,FALSE,FALSE,"certified_positive"
0.3325,0.335,0,0.0195781518772239,0.0401063003884958,0.1912862488507,0.4265452276876,TRUE,FALSE,FALSE,FALSE,FALSE,FALSE,FALSE,FALSE,"certified_positive"
0.335,0.3375,0,0.0197960754993115,0.0405752533526693,0.195993133917483,0.431715684827056,TRUE,FALSE,FALSE,FALSE,FALSE,FALSE,FALSE,FALSE,"certified_positive"
0.3375,0.34,0,0.0200164999352468,0.0410499677186885,0.200819598920849,0.436951057803422,TRUE,FALSE,FALSE,FALSE,FALSE,FALSE,FALSE,FALSE,"certified_positive"
0.34,0.3425,0,0.0202394547279145,0.0415305173947581,0.205768767911235,0.442252186909925,TRUE,FALSE,FALSE,FALSE,FALSE,FALSE,FALSE,FALSE,"certified_positive"
0.3425,0.345,0,0.0204649697787738,0.0420169772712362,0.210843848534999,0.447619923601978,TRUE,FALSE,FALSE,FALSE,FALSE,FALSE,FALSE,FALSE,"certified_positive"
0.345,0.3475,0,0.0206930753523179,0.0425094232340526,0.216048134317273,0.453055130648717,TRUE,FALSE,FALSE,FALSE,FALSE,FALSE,FALSE,FALSE,"certified_positive"
0.3475,0.35,0,0.0209238020805899,0.0430079321783126,0.221385007008243,0.458558682286626,TRUE,FALSE,FALSE,FALSE,FALSE,FALSE,FALSE,FALSE,"certified_positive"
0.35,0.3525,0,0.0211571809677561,0.0435125820220917,0.226857938994626,0.464131464375299,TRUE,FALSE,FALSE,FALSE,FALSE,FALSE,FALSE,FALSE,"certified_positive"
0.3525,0.355,0,0.0213932433947379,0.0440234517204226,0.232470495778205,0.469774374555346,TRUE,FALSE,FALSE,FALSE,FALSE,FALSE,FALSE,FALSE,"certified_positive"
0.355,0.3575,0,0.0216320211239011,0.0445406212794777,0.238226338523288,0.475488322408493,TRUE,FALSE,FALSE,FALSE,FALSE,FALSE,FALSE,FALSE,"certified_positive"
0.3575,0.36,0,0.0218735463038067,0.0450641717709494,0.244129226675064,0.481274229619889,TRUE,FALSE,FALSE,FALSE,FALSE,FALSE,FALSE,FALSE,"certified_positive"
0.36,0.3625,0,0.0221178514740205,0.0455941853466316,0.250183020650824,0.487133030142665,TRUE,FALSE,FALSE,FALSE,FALSE,FALSE,FALSE,FALSE,"certified_positive"
0.3625,0.365,0,0.0223649695699843,0.0461307452532053,0.256391684606139,0.493065670364769,TRUE,FALSE,FALSE,FALSE,FALSE,FALSE,FALSE,FALSE,"certified_positive"
0.365,0.3675,0,0.0226149339279494,0.04667393584723,0.262759289278089,0.499073109278116,TRUE,FALSE,FALSE,FALSE,FALSE,FALSE,FALSE,FALSE,"certified_positive"
0.3675,0.37,0,0.0228677782899721,0.0472238426103459,0.269290014907719,0.505156318650071,TRUE,FALSE,FALSE,FALSE,FALSE,FALSE,FALSE,FALSE,"certified_positive"
0.37,0.3725,0,0.0231235368089736,0.0477805521646875,0.275988154243982,0.511316283197319,TRUE,FALSE,FALSE,FALSE,FALSE,FALSE,FALSE,FALSE,"certified_positive"
0.3725,0.375,0,0.0233822440538629,0.0483441522885137,0.282858115631451,0.517554000762133,TRUE,FALSE,FALSE,FALSE,FALSE,FALSE,FALSE,FALSE,"certified_positive"
0.375,0.3775,0,0.0236439350147267,0.0489147319320564,0.289904426184173,0.523870482491097,TRUE,FALSE,FALSE,FALSE,FALSE,FALSE,FALSE,FALSE,"certified_positive"
0.3775,0.38,0,0.0239086451080834,0.0494923812335907,0.297131735048119,0.530266753016296,TRUE,FALSE,FALSE,FALSE,FALSE,FALSE,FALSE,FALSE,"certified_positive"
0.38,0.3825,0,0.0241764101822052,0.0500771915357302,0.304544816754714,0.536743850639025,TRUE,FALSE,FALSE,FALSE,FALSE,FALSE,FALSE,FALSE,"certified_positive"
0.3825,0.385,0,0.0244472665225079,0.0506692554019503,0.312148574668039,0.543302827516041,TRUE,FALSE,FALSE,FALSE,FALSE,FALSE,FALSE,FALSE,"certified_positive"
0.385,0.3875,0,0.0247212508570082,0.0512686666333436,0.319948044528353,0.549944749848402,TRUE,FALSE,FALSE,FALSE,FALSE,FALSE,FALSE,FALSE,"certified_positive"
0.3875,0.39,0,0.0249984003618517,0.0518755202856088,0.32794839809467,0.556670698072923,TRUE,FALSE,FALSE,FALSE,FALSE,FALSE,FALSE,FALSE,"certified_positive"
0.39,0.3925,0,0.0252787526669108,0.0524899126862786,0.336154946889186,0.563481767056291,TRUE,FALSE,FALSE,FALSE,FALSE,FALSE,FALSE,FALSE,"certified_positive"
0.3925,0.395,0,0.0255623458614539,0.053111941452189,0.344573146046451,0.570379066291875,TRUE,FALSE,FALSE,FALSE,FALSE,FALSE,FALSE,FALSE,"certified_positive"
0.395,0.3975,0,0.0258492184998865,0.0537417055071928,0.353208598270261,0.577363720099263,TRUE,FALSE,FALSE,FALSE,FALSE,FALSE,FALSE,FALSE,"certified_positive"
0.3975,0.4,0,0.026139409607566,0.0543793051001222,0.36206705790131,0.584436867826577,TRUE,FALSE,FALSE,FALSE,FALSE,FALSE,FALSE,FALSE,"certified_positive"
0.4,0.4025,0,0.0264329586866902,0.0550248418230028,0.37115443509876,0.591599664055591,TRUE,FALSE,FALSE,FALSE,FALSE,FALSE,FALSE,FALSE,"certified_positive"
0.4025,0.405,0,0.0267299057222608,0.0556784186295236,0.380476800138947,0.598853278809704,TRUE,FALSE,FALSE,FALSE,FALSE,FALSE,FALSE,FALSE,"certified_positive"
0.405,0.4075,0,0.0270302911881236,0.0563401398537652,0.390040387834573,0.606198897764793,TRUE,FALSE,FALSE,FALSE,FALSE,FALSE,FALSE,FALSE,"certified_positive"
0.4075,0.41,0,0.0273341560530845,0.0570101112291923,0.399851602077769,0.613637722463014,TRUE,FALSE,FALSE,FALSE,FALSE,FALSE,FALSE,FALSE,"certified_positive"
0.41,0.4125,0,0.0276415417871043,0.057688439907911,0.409917020510588,0.621170970529552,TRUE,FALSE,FALSE,FALSE,FALSE,FALSE,FALSE,FALSE,"certified_positive"
0.4125,0.415,0,0.0279524903675725,0.0583752344801981,0.420243399326516,0.628799875892404,TRUE,FALSE,FALSE,FALSE,FALSE,FALSE,FALSE,FALSE,"certified_positive"
0.415,0.4175,0,0.0282670442856608,0.0590706049943034,0.430837678206745,0.636525689005202,TRUE,FALSE,FALSE,FALSE,FALSE,FALSE,FALSE,FALSE,"certified_positive"
0.4175,0.42,0,0.0285852465527579,0.0597746629765314,0.441706985395032,0.644349677073153,TRUE,FALSE,FALSE,FALSE,FALSE,FALSE,FALSE,FALSE,"certified_positive"
0.42,0.4225,0,0.0289071407069861,0.0604875214516032,0.452858642915096,0.652273124282099,TRUE,FALSE,FALSE,FALSE,FALSE,FALSE,FALSE,FALSE,"certified_positive"
0.4225,0.425,0,0.0292327708198011,0.0612092949633069,0.464300171934583,0.66029733203079,TRUE,FALSE,FALSE,FALSE,FALSE,FALSE,FALSE,FALSE,"certified_positive"
0.425,0.4275,0,0.0295621815026769,0.0619400995954361,0.476039298279805,0.668423619166365,TRUE,FALSE,FALSE,FALSE,FALSE,FALSE,FALSE,FALSE,"certified_positive"
0.4275,0.43,0,0.0298954179138742,0.0626800529930244,0.488083958105517,0.676653322223126,TRUE,FALSE,FALSE,FALSE,FALSE,FALSE,FALSE,FALSE,"certified_positive"
0.43,0.4325,0,0.0302325257652973,0.0634292743838771,0.500442303724168,0.684987795664634,TRUE,FALSE,FALSE,FALSE,FALSE,FALSE,FALSE,FALSE,"certified_positive"
0.4325,0.435,0,0.0305735513294368,0.0641878846004068,0.513122709599148,0.693428412129169,TRUE,FALSE,FALSE,FALSE,FALSE,FALSE,FALSE,FALSE,"certified_positive"
0.435,0.4375,0,0.0309185414464025,0.0649560061017756,0.526133778506725,0.701976562678618,TRUE,FALSE,FALSE,FALSE,FALSE,FALSE,FALSE,FALSE,"certified_positive"
0.4375,0.44,0,0.0312675435310445,0.0657337629963489,0.539484347871463,0.710633657050821,TRUE,FALSE,FALSE,FALSE,FALSE,FALSE,FALSE,FALSE,"certified_positive"
0.44,0.4425,0,0.0316206055801668,0.0665212810644653,0.553183496280083,0.719401123915442,TRUE,FALSE,FALSE,FALSE,FALSE,FALSE,FALSE,FALSE,"certified_positive"
0.4425,0.445,0,0.0319777761798323,0.0673186877815269,0.567240550178842,0.728280411133396,TRUE,FALSE,FALSE,FALSE,FALSE,FALSE,FALSE,FALSE,"certified_positive"
0.445,0.4475,0,0.032339104512761,0.0681261123414148,0.581665090759672,0.737272986019902,TRUE,FALSE,FALSE,FALSE,FALSE,FALSE,FALSE,FALSE,"certified_positive"
0.4475,0.45,0,0.0327046403658233,0.0689436856802342,0.596466961040474,0.746380335611193,TRUE,FALSE,FALSE,FALSE,FALSE,FALSE,FALSE,FALSE,"certified_positive"
0.45,0.4525,0,0.0330744341376286,0.0697715405003942,0.61165627314509,0.755603966934955,TRUE,FALSE,FALSE,FALSE,FALSE,FALSE,FALSE,FALSE,"certified_positive"
0.4525,0.455,0,0.0334485368462114,0.0706098112950262,0.627243415788672,0.764945407284529,TRUE,FALSE,FALSE,FALSE,FALSE,FALSE,FALSE,FALSE,"certified_positive"
0.455,0.4575,0,0.0338270001368154,0.0714586343727474,0.643239061974312,0.774406204496946,TRUE,FALSE,FALSE,FALSE,FALSE,FALSE,FALSE,FALSE,"certified_positive"
0.4575,0.46,0,0.034209876289777,0.0723181478827723,0.659654176906957,0.783987927234831,TRUE,FALSE,FALSE,FALSE,FALSE,FALSE,FALSE,FALSE,"certified_positive"
0.46,0.4625,0,0.03459721822851,0.0731884918403786,0.676500026130837,0.793692165272254,TRUE,FALSE,FALSE,FALSE,FALSE,FALSE,FALSE,FALSE,"certified_positive"
0.4625,0.465,0,0.0349890795275924,0.0740698081527325,0.69378818389678,0.803520529784556,TRUE,FALSE,FALSE,FALSE,FALSE,FALSE,FALSE,FALSE,"certified_positive"
0.465,0.4675,0,0.0353855144209564,0.0749622406450775,0.711530541765996,0.813474653642235,TRUE,FALSE,FALSE,FALSE,FALSE,FALSE,FALSE,FALSE,"certified_positive"
0.4675,0.47,0,0.0357865778101835,0.0758659350872933,0.7297393174571,0.823556191708927,TRUE,FALSE,FALSE,FALSE,FALSE,FALSE,FALSE,FALSE,"certified_positive"
0.47,0.4725,0,0.0361923252729058,0.0767810392208288,0.748427063943309,0.833766821143548,TRUE,FALSE,FALSE,FALSE,FALSE,FALSE,FALSE,FALSE,"certified_positive"
0.4725,0.475,0,0.0366028130713145,0.0777077027860154,0.767606678807014,0.844108241706664,TRUE,FALSE,FALSE,FALSE,FALSE,FALSE,FALSE,FALSE,"certified_positive"
0.475,0.4775,0,0.0370180981607777,0.0786460775497664,0.787291413859049,0.854582176071131,TRUE,FALSE,FALSE,FALSE,FALSE,FALSE,FALSE,FALSE,"certified_positive"
0.4775,0.48,0,0.0374382381985687,0.0795963173336659,0.807494885030283,0.865190370137086,TRUE,FALSE,FALSE,FALSE,FALSE,FALSE,FALSE,FALSE,"certified_positive"
0.48,0.4825,0,0.0378632915527053,0.0805585780424563,0.828231082543286,0.875934593351332,TRUE,FALSE,FALSE,FALSE,FALSE,FALSE,FALSE,FALSE,"certified_positive"
0.4825,0.485,0,0.0382933173109035,0.0815330176929262,0.849514381372155,0.886816639031195,TRUE,FALSE,FALSE,FALSE,FALSE,FALSE,FALSE,FALSE,"certified_positive"
0.485,0.4875,0,0.0387283752896448,0.0825197964432082,0.871359551998688,0.8978383246929,TRUE,FALSE,FALSE,FALSE,FALSE,FALSE,FALSE,FALSE,"certified_positive"
0.4875,0.49,0,0.0391685260433605,0.0835190766224885,0.893781771473476,0.90900149238455,TRUE,FALSE,FALSE,FALSE,FALSE,FALSE,FALSE,FALSE,"certified_positive"
0.49,0.4925,0,0.0396138308737331,0.0845310227611391,0.916796634790589,0.920308009023756,TRUE,FALSE,FALSE,FALSE,FALSE,FALSE,FALSE,FALSE,"certified_positive"
0.4925,0.495,0,0.0400643518391177,0.0855558016212727,0.940420166584911,0.931759766739987,TRUE,FALSE,FALSE,FALSE,FALSE,FALSE,FALSE,FALSE,"certified_positive"
0.495,0.4975,0,0.0405201517640831,0.0865935822277325,0.964668833161333,0.943358683221721,TRUE,FALSE,FALSE,FALSE,FALSE,FALSE,FALSE,FALSE,"certified_positive"
0.4975,0.5,0,0.0409812942490765,0.0876445358995182,0.989559554865359,0.955106702068445,TRUE,FALSE,FALSE,FALSE,FALSE,FALSE,FALSE,FALSE,"certified_positive"
0.5,0.5025,0,0.0414478436802107,0.0887088362816572,1.01510971880493,0.967005793147583,TRUE,FALSE,FALSE,FALSE,FALSE,FALSE,FALSE,FALSE,"certified_positive"
0.5025,0.505,0,0.0419198652391785,0.089786659377527,1.0413371919335,0.97905795295643,TRUE,FALSE,FALSE,FALSE,FALSE,FALSE,FALSE,FALSE,"certified_positive"
0.505,0.5075,0,0.0423974249132927,0.090878183581634,1.06826033450486,0.991265204989141,TRUE,FALSE,FALSE,FALSE,FALSE,FALSE,FALSE,FALSE,"certified_positive"
0.5075,0.51,0,0.0428805895056559,0.0919835897128567,1.0958980139102,1.00362960010887,TRUE,FALSE,FALSE,FALSE,FALSE,FALSE,FALSE,FALSE,"certified_positive"
0.51,0.5125,0,0.0433694266454603,0.0931030610481601,1.12426961890863,1.01615321692512,TRUE,FALSE,FALSE,FALSE,FALSE,FALSE,FALSE,FALSE,"certified_positive"
0.5125,0.515,0,0.04386400479842,0.0942367833567858,1.15339507426223,1.02883816217638,TRUE,FALSE,FALSE,FALSE,FALSE,FALSE,FALSE,FALSE,"certified_positive"
0.515,0.5175,0,0.0443643932773375,0.0953849449349273,1.18329485578749,1.04168657111812,TRUE,FALSE,FALSE,FALSE,FALSE,FALSE,FALSE,FALSE,"certified_positive"
0.5175,0.52,0,0.0448706622528045,0.0965477366408966,1.21399000583494,1.05470060791621,TRUE,FALSE,FALSE,FALSE,FALSE,FALSE,FALSE,FALSE,"certified_positive"
0.52,0.5225,0,0.0453828827640418,0.0977253519307883,1.24550214920936,1.06788246604592,TRUE,FALSE,FALSE,FALSE,FALSE,FALSE,FALSE,FALSE,"certified_positive"
0.5225,0.525,0,0.0459011267298771,0.0989179868946491,1.27785350954328,1.08123436869641,TRUE,FALSE,FALSE,FALSE,FALSE,FALSE,FALSE,FALSE,"certified_positive"
0.525,0.5275,0,0.0464254669598649,0.10012584029316,1.31106692613676,1.09475856918098,TRUE,FALSE,FALSE,FALSE,FALSE,FALSE,FALSE,FALSE,"certified_positive"
0.5275,0.53,0,0.046955977165548,0.101349113594838,1.3451658712769,1.10845735135304,TRUE,FALSE,FALSE,FALSE,FALSE,FALSE,FALSE,FALSE,"certified_positive"
0.53,0.5325,0,0.0474927319718645,0.102588011013768,1.38017446805093,1.12233303002791,TRUE,FALSE,FALSE,FALSE,FALSE,FALSE,FALSE,FALSE,"certified_positive"
0.5325,0.535,0,0.0480358069287011,0.103842739547863,1.41611750866704,1.13638795141057,TRUE,FALSE,FALSE,FALSE,FALSE,FALSE,FALSE,FALSE,"certified_positive"
0.535,0.5375,0,0.0485852785225954,0.105113509017674,1.45302047329764,1.15062449352936,TRUE,FALSE,FALSE,FALSE,FALSE,FALSE,FALSE,FALSE,"certified_positive"
0.5375,0.54,0,0.0491412241885875,0.106400532105749,1.49090954946,1.16504506667581,TRUE,FALSE,FALSE,FALSE,FALSE,FALSE,FALSE,FALSE,"certified_positive"
0.54,0.5425,0,0.0497037223222247,0.107704024396544,1.52981165194999,1.17965211385064,TRUE,FALSE,FALSE,FALSE,FALSE,FALSE,FALSE,FALSE,"certified_positive"
0.5425,0.545,0,0.0502728522917205,0.109024204416911,1.56975444334459,1.19444811121601,TRUE,FALSE,FALSE,FALSE,FALSE,FALSE,FALSE,FALSE,"certified_positive"
0.545,0.5475,0,0.0508486944502698,0.110361293677151,1.61076635508976,1.20943556855414,TRUE,FALSE,FALSE,FALSE,FALSE,FALSE,FALSE,FALSE,"certified_positive"
0.5475,0.55,0,0.0514313301485226,0.111715516712656,1.65287660919055,1.22461702973236,TRUE,FALSE,FALSE,FALSE,FALSE,FALSE,FALSE,FALSE,"certified_positive"
0.55,0.5525,0,0.0520208417472176,0.113087101126137,1.69611524052076,1.23999507317465,TRUE,FALSE,FALSE,FALSE,FALSE,FALSE,FALSE,FALSE,"certified_positive"
0.5525,0.555,0,0.0526173126299789,0.114476277630459,1.74051311977005,1.25557231233993,TRUE,FALSE,FALSE,FALSE,FALSE,FALSE,FALSE,FALSE,"certified_positive"
0.555,0.5575,0,0.0532208272162774,0.115883280092077,1.78610197704698,1.27135139620692,TRUE,FALSE,FALSE,FALSE,FALSE,FALSE,FALSE,FALSE,"certified_positive"
0.5575,0.56,0,0.0538314709745584,0.117308345575092,1.83291442615684,1.28733500976595,TRUE,FALSE,FALSE,FALSE,FALSE,FALSE,FALSE,FALSE,"certified_positive"
0.56,0.5625,0,0.0544493304355384,0.118751714385935,1.88098398957384,1.30352587451756,TRUE,FALSE,FALSE,FALSE,FALSE,FALSE,FALSE,FALSE,"certified_positive"
0.5625,0.565,0,0.055074493205673,0.120213630118681,1.93034512412762,1.31992674897824,TRUE,FALSE,FALSE,FALSE,FALSE,FALSE,FALSE,FALSE,"certified_positive"
0.565,0.5675,0,0.0557070479807983,0.121694339701014,1.98103324742485,1.33654042919317,TRUE,FALSE,FALSE,FALSE,FALSE,FALSE,FALSE,FALSE,"certified_positive"
0.5675,0.57,0,0.0563470845599482,0.123194093440839,2.03308476502714,1.35336974925627,TRUE,FALSE,FALSE,FALSE,FALSE,FALSE,FALSE,FALSE,"certified_positive"
0.57,0.5725,0,0.0569946938593483,0.124713145073561,2.08653709840704,1.37041758183745,TRUE,FALSE,FALSE,FALSE,FALSE,FALSE,FALSE,FALSE,"certified_positive"
0.5725,0.575,0,0.0576499679265914,0.126251751810033,2.14142871370474,1.38768683871742,TRUE,FALSE,FALSE,FALSE,FALSE,FALSE,FALSE,FALSE,"certified_positive"
0.575,0.5775,0,0.0583129999549951,0.12781017438519,2.19779915130866,1.40518047132994,TRUE,FALSE,FALSE,FALSE,FALSE,FALSE,FALSE,FALSE,"certified_positive"
0.5775,0.58,0,0.0589838842981445,0.129388677107372,2.25568905628366,1.42290147131167,TRUE,FALSE,FALSE,FALSE,FALSE,FALSE,FALSE,FALSE,"certified_positive"
0.58,0.5825,0,0.0596627164846213,0.130987527908349,2.31514020967151,1.44085287105988,TRUE,FALSE,FALSE,FALSE,FALSE,FALSE,FALSE,FALSE,"certified_positive"
0.5825,0.585,0,0.0603495932329237,0.13260699839406,2.37619556068877,1.45903774429792,TRUE,FALSE,FALSE,FALSE,FALSE,FALSE,FALSE,FALSE,"certified_positive"
0.585,0.5875,0,0.0610446124665784,0.134247363896073,2.43889925984828,1.47745920664867,TRUE,FALSE,FALSE,FALSE,FALSE,FALSE,FALSE,FALSE,"certified_positive"
0.5875,0.59,0,0.0617478733294473,0.135908903523776,2.50329669303073,1.49612041621611,TRUE,FALSE,FALSE,FALSE,FALSE,FALSE,FALSE,FALSE,"certified_positive"
0.59,0.5925,0,0.0624594762012307,0.137591900217316,2.56943451653408,1.515024574175,TRUE,FALSE,FALSE,FALSE,FALSE,FALSE,FALSE,FALSE,"certified_positive"
0.5925,0.595,0,0.0631795227131712,0.139296640801283,2.63736069312903,1.53417492536901,TRUE,FALSE,FALSE,FALSE,FALSE,FALSE,FALSE,FALSE,"certified_positive"
0.595,0.5975,0,0.0639081157639601,0.141023416039174,2.70712452914983,1.55357475891711,TRUE,FALSE,FALSE,FALSE,FALSE,FALSE,FALSE,FALSE,"certified_positive"
0.5975,0.6,0,0.0646453595358488,0.142772520688614,2.77877671265028,1.57322740882866,TRUE,FALSE,FALSE,FALSE,FALSE,FALSE,FALSE,FALSE,"certified_positive"
0.6,0.6025,0,0.0653913595109668,0.14454425355738,2.85236935265603,1.59313625462706,TRUE,FALSE,FALSE,FALSE,FALSE,FALSE,FALSE,FALSE,"certified_positive"
0.6025,0.605,0,0.0661462224878521,0.146338917560215,2.92795601954474,1.61330472198229,TRUE,FALSE,FALSE,FALSE,FALSE,FALSE,FALSE,FALSE,"certified_positive"
0.605,0.6075,0,0.0669100565981931,0.148156819776453,3.00559178658712,1.63373628335227,TRUE,FALSE,FALSE,FALSE,FALSE,FALSE,FALSE,FALSE,"certified_positive"
0.6075,0.61,0,0.0676829713237878,0.149998271508471,3.08533327268227,1.65443445863339,TRUE,FALSE,FALSE,FALSE,FALSE,FALSE,FALSE,FALSE,"certified_positive"
0.61,0.6125,0,0.0684650775137211,0.151863588340963,3.16723868632213,1.67540281582008,TRUE,FALSE,FALSE,FALSE,FALSE,FALSE,FALSE,FALSE,"certified_positive"
0.6125,0.615,0,0.0692564874017633,0.153753090201074,3.25136787082077,1.69664497167382,TRUE,FALSE,FALSE,FALSE,FALSE,FALSE,FALSE,FALSE,"certified_positive"
0.615,0.6175,0,0.0700573146239939,0.155667101419381,3.33778235084514,1.7181645924015,TRUE,FALSE,FALSE,FALSE,FALSE,FALSE,FALSE,FALSE,"certified_positive"
0.6175,0.62,0,0.0708676742366527,0.157605950791749,3.4265453802852,1.73996539434341,TRUE,FALSE,FALSE,FALSE,FALSE,FALSE,FALSE,FALSE,"certified_positive"
0.62,0.6225,0,0.0716876827342218,0.159569971642067,3.51772199150231,1.7620511446709,TRUE,FALSE,FALSE,FALSE,FALSE,FALSE,FALSE,FALSE,"certified_positive"
0.6225,0.625,0,0.0725174580677393,0.161559501885882,3.61137904599584,1.78442566209395,TRUE,FALSE,FALSE,FALSE,FALSE,FALSE,FALSE,FALSE,"certified_positive"
0.625,0.6275,0,0.073357119663351,0.16357488409494,3.70758528652952,1.80709281757868,TRUE,FALSE,FALSE,FALSE,FALSE,FALSE,FALSE,FALSE,"certified_positive"
0.6275,0.63,0,0.0742067884411019,0.165616465562652,3.80641139075959,1.83005653507502,TRUE,FALSE,FALSE,FALSE,FALSE,FALSE,FALSE,FALSE,"certified_positive"
0.63,0.6325,0,0.0750665868339691,0.167684598370486,3.90793002640879,1.85332079225467,TRUE,FALSE,FALSE,FALSE,FALSE,FALSE,FALSE,FALSE,"certified_positive"
0.6325,0.635,0,0.0759366388071411,0.169779639455317,4.01221590803085,1.87688962125946,TRUE,FALSE,FALSE,FALSE,FALSE,FALSE,FALSE,FALSE,"certified_positive"
0.635,0.6375,0,0.0768170698775464,0.171901950677736,4.1193458554121,1.90076710946033,TRUE,FALSE,FALSE,FALSE,FALSE,FALSE,FALSE,FALSE,"certified_positive"
0.6375,0.64,0,0.077708007133634,0.174051898891334,4.22939885365751,1.92495740022701,TRUE,FALSE,FALSE,FALSE,FALSE,FALSE,FALSE,FALSE,"certified_positive"
0.64,0.6425,0,0.0786095792554101,0.176229856012973,4.34245611501048,1.94946469370856,TRUE,FALSE,FALSE,FALSE,FALSE,FALSE,FALSE,FALSE,"certified_positive"
0.6425,0.645,0,0.0795219165347326,0.178436199094069,4.45860114245663,1.97429324762503,TRUE,FALSE,FALSE,FALSE,FALSE,FALSE,FALSE,FALSE,"certified_positive"
0.645,0.6475,0,0.0804451508958685,0.18067131039289,4.57791979516371,1.99944737807021,TRUE,FALSE,FALSE,FALSE,FALSE,FALSE,FALSE,FALSE,"certified_positive"
0.6475,0.65,0,0.0813794159163174,0.182935577447886,4.70050035581119,2.02493146032584,TRUE,FALSE,FALSE,FALSE,FALSE,FALSE,FALSE,FALSE,"certified_positive"
0.65,0.6525,0,0.0823248468479041,0.185229393152068,4.82643359986427,2.05074992968725,TRUE,FALSE,FALSE,FALSE,FALSE,FALSE,FALSE,FALSE,"certified_positive"
0.6525,0.655,0,0.0832815806381425,0.187553155828457,4.95581286684935,2.07690728230074,TRUE,FALSE,FALSE,FALSE,FALSE,FALSE,FALSE,FALSE,"certified_positive"
0.655,0.6575,0,0.0842497559518775,0.189907269306605,5.08873413368907,2.1034080760128,TRUE,FALSE,FALSE,FALSE,FALSE,FALSE,FALSE,FALSE,"certified_positive"
0.6575,0.66,0,0.0852295131932056,0.192292143000211,5.22529609015709,2.13025693123136,TRUE,FALSE,FALSE,FALSE,FALSE,FALSE,FALSE,FALSE,"certified_positive"
0.66,0.6625,0,0.0862209945276803,0.194708191985855,5.36560021651439,2.1574585317992,TRUE,FALSE,FALSE,FALSE,FALSE,FALSE,FALSE,FALSE,"certified_positive"
0.6625,0.665,0,0.0872243439048025,0.197155837082851,5.50975086339068,2.18501762587973,TRUE,FALSE,FALSE,FALSE,FALSE,FALSE,FALSE,FALSE,"certified_positive"
0.665,0.6675,0,0.0882397070808036,0.199635504934248,5.65785533397651,2.21293902685541,TRUE,FALSE,FALSE,FALSE,FALSE,FALSE,FALSE,FALSE,"certified_positive"
0.6675,0.67,0,0.0892672316417234,0.202147628088988,5.81002396859354,2.24122761423874,TRUE,FALSE,FALSE,FALSE,FALSE,FALSE,FALSE,FALSE,"certified_positive"
0.67,0.6725,0,0.0903070670267849,0.204692645085242,5.9663702317122,2.2698883345963,TRUE,FALSE,FALSE,FALSE,FALSE,FALSE,FALSE,FALSE,"certified_positive"
0.6725,0.675,0,0.0913593645520742,0.207271000534938,6.12701080148847,2.29892620248577,TRUE,FALSE,FALSE,FALSE,FALSE,FALSE,FALSE,FALSE,"certified_positive"
0.675,0.6775,0,0.0924242774345237,0.209883145209504,6.29206566189305,2.32834630140634,TRUE,FALSE,FALSE,FALSE,FALSE,FALSE,FALSE,FALSE,"certified_positive"
0.6775,0.68,0,0.0935019608162076,0.212529536126833,6.46165819750889,2.35815378476247,TRUE,FALSE,FALSE,FALSE,FALSE,FALSE,FALSE,FALSE,"certified_positive"
0.68,0.6825,0,0.0945925717889524,0.2152106366395,6.63591529107498,2.38835387684145,TRUE,FALSE,FALSE,FALSE,FALSE,FALSE,FALSE,FALSE,"certified_positive"
0.6825,0.685,0,0.0956962694192651,0.217926916524241,6.81496742385646,2.41895187380469,TRUE,FALSE,FALSE,FALSE,FALSE,FALSE,FALSE,FALSE,"certified_positive"
0.685,0.6875,0,0.0968132147735831,0.220678852072711,6.99894877892393,2.44995314469316,TRUE,FALSE,FALSE,FALSE,FALSE,FALSE,FALSE,FALSE,"certified_positive"
0.6875,0.69,0,0.0979435709438525,0.223466926183554,7.18799734742677,2.48136313244704,TRUE,FALSE,FALSE,FALSE,FALSE,FALSE,FALSE,FALSE,"certified_positive"
0.69,0.6925,0,0.0990875030734377,0.226291628455778,7.38225503794827,2.51318735493987,TRUE,FALSE,FALSE,FALSE,FALSE,FALSE,FALSE,FALSE,"certified_positive"
0.6925,0.695,0,0.100245178383366,0.229153455283483,7.58186778903248,2.54543140602736,TRUE,FALSE,FALSE,FALSE,FALSE,FALSE,FALSE,FALSE,"certified_positive"
0.695,0.6975,0,0.101416766198912,0.232052909951938,7.78698568497552,2.57810095661107,TRUE,FALSE,FALSE,FALSE,FALSE,FALSE,FALSE,FALSE,"certified_positive"
0.6975,0.7,0,0.102602437976527,0.234990502735043,7.99776307497715,2.6112017557172,TRUE,FALSE,FALSE,FALSE,FALSE,FALSE,FALSE,FALSE,"certified_positive"
0.7,0.7025,0,0.103802367331113,0.237966750994187,8.21435869575072,2.6447396315907,TRUE,FALSE,FALSE,FALSE,FALSE,FALSE,FALSE,FALSE,"certified_positive"
0.7025,0.705,0,0.105016730063662,0.24098217927852,8.43693579769274,2.6787204928049,TRUE,FALSE,FALSE,FALSE,FALSE,FALSE,FALSE,FALSE,"certified_positive"
0.705,0.7075,0,0.106245704189237,0.244037319426674,8.66566227471625,2.71315032938693,TRUE,FALSE,FALSE,FALSE,FALSE,FALSE,FALSE,FALSE,"certified_positive"
0.7075,0.71,0,0.107489469965329,0.247132710669936,8.90071079785544,2.74803521395907,TRUE,FALSE,FALSE,FALSE,FALSE,FALSE,FALSE,FALSE,"certified_positive"
0.71,0.7125,0,0.108748209920573,0.250268899736904,9.14225895275188,2.78338130289633,TRUE,FALSE,FALSE,FALSE,FALSE,FALSE,FALSE,FALSE,"certified_positive"
0.7125,0.715,0,0.110022108883842,0.25344644095965,9.39048938113597,2.81919483750055,TRUE,FALSE,FALSE,FALSE,FALSE,FALSE,FALSE,FALSE,"certified_positive"
0.715,0.7175,0,0.111311354013716,0.256665896381403,9.6455899264208,2.85548214519105,TRUE,FALSE,FALSE,FALSE,FALSE,FALSE,FALSE,FALSE,"certified_positive"
0.7175,0.72,0,0.11261613482833,0.259927835865782,9.90775378352885,2.89224964071231,TRUE,FALSE,FALSE,FALSE,FALSE,FALSE,FALSE,FALSE,"certified_positive"
0.72,0.7225,0,0.113936643235614,0.263232837207593,10.1771796530758,2.9295038273588,TRUE,FALSE,FALSE,FALSE,FALSE,FALSE,FALSE,FALSE,"certified_positive"
0.7225,0.725,0,0.115273073563922,0.266581486245229,10.454071900039,2.96725129821714,TRUE,FALSE,FALSE,FALSE,FALSE,FALSE,FALSE,FALSE,"certified_positive"
0.725,0.7275,0,0.11662562259306,0.269974376974668,10.7386407170419,3.00549873742604,TRUE,FALSE,FALSE,FALSE,FALSE,FALSE,FALSE,FALSE,"certified_positive"
0.7275,0.73,0,0.117994489585714,0.273412111665133,11.0311022923902,3.04425292145406,TRUE,FALSE,FALSE,FALSE,FALSE,FALSE,FALSE,FALSE,"certified_positive"
0.73,0.7325,0,0.119379876319287,0.27689530097639,11.3316789829996,3.08352072039563,TRUE,FALSE,FALSE,FALSE,FALSE,FALSE,FALSE,FALSE,"certified_positive"
0.7325,0.735,0,0.120781987118151,0.28042456407775,11.6405994923569,3.12330909928542,TRUE,FALSE,FALSE,FALSE,FALSE,FALSE,FALSE,FALSE,"certified_positive"
0.735,0.7375,0,0.122201028886313,0.284000528768775,11.9580990536642,3.16362511943148,TRUE,FALSE,FALSE,FALSE,FALSE,FALSE,FALSE,FALSE,"certified_positive"
0.7375,0.74,0,0.12363721114051,0.287623831601723,12.2844196183174,3.20447593976728,TRUE,FALSE,FALSE,FALSE,FALSE,FALSE,FALSE,FALSE,"certified_positive"
0.74,0.7425,0,0.125090746043727,0.291295118005749,12.6198100498751,3.24586881822309,TRUE,FALSE,FALSE,FALSE,FALSE,FALSE,FALSE,FALSE,"certified_positive"
0.7425,0.745,0,0.126561848439156,0.295015042412902,12.9645263236804,3.28781111311681,TRUE,FALSE,FALSE,FALSE,FALSE,FALSE,FALSE,FALSE,"certified_positive"
0.745,0.7475,0,0.128050735884595,0.298784268385926,13.3188317323007,3.33031028456457,TRUE,FALSE,FALSE,FALSE,FALSE,FALSE,FALSE,FALSE,"certified_positive"
0.7475,0.75,0,0.129557628687288,0.302603468747906,13.682997096956,3.37337389591153,TRUE,FALSE,FALSE,FALSE,FALSE,FALSE,FALSE,FALSE,"certified_positive"
0.75,0.7525,0,0.131082749939222,0.306473325713776,14.0573009851136,3.41700961518293,TRUE,FALSE,FALSE,FALSE,FALSE,FALSE,FALSE,FALSE,"certified_positive"
0.7525,0.755,0,0.132626325552883,0.310394531023725,14.4420299344275,3.46122521655591,TRUE,FALSE,FALSE,FALSE,FALSE,FALSE,FALSE,FALSE,"certified_positive"
0.755,0.7575,0,0.134188584297474,0.31436778607852,14.8374786832121,3.50602858185222,TRUE,FALSE,FALSE,FALSE,FALSE,FALSE,FALSE,FALSE,"certified_positive"
0.7575,0.76,0,0.135769757835603,0.318393802076777,15.2439504076397,3.55142770205224,TRUE,FALSE,FALSE,FALSE,FALSE,FALSE,FALSE,FALSE,"certified_positive"
0.76,0.7625,0,0.137370080760446,0.322473300154215,15.661756965861,3.59743067883059,TRUE,FALSE,FALSE,FALSE,FALSE,FALSE,FALSE,FALSE,"certified_positive"
0.7625,0.765,0,0.1389897906334,0.326607011524909,16.0912191492517,3.64404572611355,TRUE,FALSE,FALSE,FALSE,FALSE,FALSE,FALSE,FALSE,"certified_positive"
0.765,0.7675,0,0.140629128022214,0.330795677624581,16.5326669409953,3.69128117165877,TRUE,FALSE,FALSE,FALSE,FALSE,FALSE,FALSE,FALSE,"certified_positive"
0.7675,0.77,0,0.142288336539624,0.335040050255955,16.9864397822165,3.73914545865746,TRUE,FALSE,FALSE,FALSE,FALSE,FALSE,FALSE,FALSE,"certified_positive"
0.77,0.7725,0,0.143967662882489,0.33934089173621,17.45288684589,3.78764714735939,TRUE,FALSE,FALSE,FALSE,FALSE,FALSE,FALSE,FALSE,"certified_positive"
0.7725,0.775,0,0.145667356871425,0.343698975046554,17.9323673187502,3.83679491672117,TRUE,FALSE,FALSE,FALSE,FALSE,FALSE,FALSE,FALSE,"certified_positive"
0.775,0.7775,0,0.147387671490974,0.348115083983953,18.4252506914405,3.88659756607788,TRUE,FALSE,FALSE,FALSE,FALSE,FALSE,FALSE,FALSE,"certified_positive"
0.7775,0.78,0,0.149128862930272,0.352590013315059,18.9319170571425,3.93706401683873,TRUE,FALSE,FALSE,FALSE,FALSE,FALSE,FALSE,FALSE,"certified_positive"
0.78,0.7825,0,0.150891190624265,0.357124568932337,19.4527574189365,3.98820331420675,TRUE,FALSE,FALSE,FALSE,FALSE,FALSE,FALSE,FALSE,"certified_positive"
0.7825,0.785,0,0.152674917295445,0.361719568012467,19.9881740061486,4.04002462892312,TRUE,FALSE,FALSE,FALSE,FALSE,FALSE,FALSE,FALSE,"certified_positive"
0.785,0.7875,0,0.154480308996141,0.366375839177011,20.5385805999511,4.09253725903637,TRUE,FALSE,FALSE,FALSE,FALSE,FALSE,FALSE,FALSE,"certified_positive"
0.7875,0.79,0,0.156307635151353,0.371094222655414,21.1044028684879,4.14575063169681,TRUE,FALSE,FALSE,FALSE,FALSE,FALSE,FALSE,FALSE,"certified_positive"
0.79,0.7925,0,0.158157168602142,0.375875570450341,21.6860787118049,4.1996743049766,TRUE,FALSE,FALSE,FALSE,FALSE,FALSE,FALSE,FALSE,"certified_positive"
0.7925,0.795,0,0.160029185649588,0.380720746505417,22.2840586168756,4.25431796971582,TRUE,FALSE,FALSE,FALSE,FALSE,FALSE,FALSE,FALSE,"certified_positive"
0.795,0.7975,0,0.161923966099317,0.385630626875371,22.8988060230199,4.30969145139484,TRUE,FALSE,FALSE,FALSE,FALSE,FALSE,FALSE,FALSE,"certified_positive"
0.7975,0.8,0,0.163841793306609,0.390606099898652,23.5307976980197,4.36580471203355,TRUE,FALSE,FALSE,FALSE,FALSE,FALSE,FALSE,FALSE,"certified_positive"
0.8,0.8025,0,0.165782954222088,0.395648066372521,24.180524125251,4.42266785211758,TRUE,FALSE,FALSE,FALSE,FALSE,FALSE,FALSE,FALSE,"certified_positive"
0.8025,0.805,0,0.167747739438012,0.400757439730687,24.8484899021532,4.48029111255216,TRUE,FALSE,FALSE,FALSE,FALSE,FALSE,FALSE,FALSE,"certified_positive"
0.805,0.8075,0,0.169736443235162,0.405935146223493,25.5352141503741,4.53868487664378,TRUE,FALSE,FALSE,FALSE,FALSE,FALSE,FALSE,FALSE,"certified_positive"
0.8075,0.81,0,0.17174936363034,0.411182125100722,26.2412309379308,4.59785967211033,TRUE,FALSE,FALSE,FALSE,FALSE,FALSE,FALSE,FALSE,"certified_positive"
0.81,0.8125,0,0.173786802424487,0.416499328797022,26.9670897137458,4.65782617311979,TRUE,FALSE,FALSE,FALSE,FALSE,FALSE,FALSE,FALSE,"certified_positive"
0.8125,0.815,0,0.175849065251424,0.421887723120032,27.7133557549191,4.71859520235822,TRUE,FALSE,FALSE,FALSE,FALSE,FALSE,FALSE,FALSE,"certified_positive"
0.815,0.8175,0,0.177936461627233,0.42734828744121,28.4806106271159,4.78017773312721,TRUE,FALSE,FALSE,FALSE,FALSE,FALSE,FALSE,FALSE,"certified_positive"
0.8175,0.82,0,0.180049305000272,0.432882014889427,29.2694526584546,4.84258489147137,TRUE,FALSE,FALSE,FALSE,FALSE,FALSE,FALSE,FALSE,"certified_positive"
0.82,0.8225,0,0.182187912801849,0.438489912547355,30.0804974272958,4.90582795833626,TRUE,FALSE,FALSE,FALSE,FALSE,FALSE,FALSE,FALSE,"certified_positive"
0.8225,0.825,0,0.184352606497548,0.444173001650701,30.9143782643406,4.96991837175713,TRUE,FALSE,FALSE,FALSE,FALSE,FALSE,FALSE,FALSE,"certified_positive"
0.825,0.8275,0,0.18654371163923,0.449932317790308,31.7717467694645,5.03486772907904,TRUE,FALSE,FALSE,FALSE,FALSE,FALSE,FALSE,FALSE,"certified_positive"
0.8275,0.83,0,0.188761557917706,0.455768911117194,32.6532733437173,5.10068778920872,TRUE,FALSE,FALSE,FALSE,FALSE,FALSE,FALSE,FALSE,"certified_positive"
0.83,0.8325,0,0.191006479216097,0.461683846550547,33.5596477369428,5.16739047489864,TRUE,FALSE,FALSE,FALSE,FALSE,FALSE,FALSE,FALSE,"certified_positive"
0.8325,0.835,0,0.193278813663887,0.467678203988726,34.4915796114753,5.23498787506373,TRUE,FALSE,FALSE,FALSE,FALSE,FALSE,FALSE,FALSE,"certified_positive"
0.835,0.8375,0,0.195578903691685,0.473753078523327,35.4497991223906,5.30349224713142,TRUE,FALSE,FALSE,FALSE,FALSE,FALSE,FALSE,FALSE,"certified_positive"
0.8375,0.84,0,0.197907096086693,0.479909580656327,36.4350575148016,5.37291601942511,TRUE,FALSE,FALSE,FALSE,FALSE,FALSE,FALSE,FALSE,"certified_positive"
0.84,0.8425,0,0.200263742048898,0.486148836520393,37.448127738699,5.44327179358197,TRUE,FALSE,FALSE,FALSE,FALSE,FALSE,FALSE,FALSE,"certified_positive"
0.8425,0.845,0,0.202649197248003,0.492471988102356,38.4898050818619,5.51457234700516,TRUE,FALSE,FALSE,FALSE,FALSE,FALSE,FALSE,FALSE,"certified_positive"
0.845,0.8475,0,0.205063821881085,0.498880193469938,39.5609078213659,5.58683063535141,TRUE,FALSE,FALSE,FALSE,FALSE,FALSE,FALSE,FALSE,"certified_positive"
0.8475,0.85,0,0.20750798073102,0.505374627001749,40.6622778942458,5.66005979505399,TRUE,FALSE,FALSE,FALSE,FALSE,FALSE,FALSE,FALSE,"certified_positive"
0.85,0.8525,0,0.209982043225654,0.511956479620624,41.7947815878741,5.73427314588203,TRUE,FALSE,FALSE,FALSE,FALSE,FALSE,FALSE,FALSE,"certified_positive"
0.8525,0.855,0,0.212486383497758,0.518626959030328,42.9593102506431,5.80948419353636,TRUE,FALSE,FALSE,FALSE,FALSE,FALSE,FALSE,FALSE,"certified_positive"
0.855,0.8575,0,0.215021380445751,0.525387289955698,44.1567810235481,5.88570663228269,TRUE,FALSE,FALSE,FALSE,FALSE,FALSE,FALSE,FALSE,"certified_positive"
0.8575,0.86,0,0.21758741779523,0.532238714386257,45.3881375932944,5.96295434762239,TRUE,FALSE,FALSE,FALSE,FALSE,FALSE,FALSE,FALSE,"certified_positive"
0.86,0.8625,0,0.22018488416128,0.539182491823363,46.654350967561,6.04124141900164,TRUE,FALSE,FALSE,FALSE,FALSE,FALSE,FALSE,FALSE,"certified_positive"
0.8625,0.865,0,0.222814173111619,0.54621989953093,47.9564202730821,6.12058212255945,TRUE,FALSE,FALSE,FALSE,FALSE,FALSE,FALSE,FALSE,"certified_positive"
0.865,0.8675,0,0.225475683230547,0.553352232789794,49.2953735772173,6.200990933915,TRUE,FALSE,FALSE,FALSE,FALSE,FALSE,FALSE,FALSE,"certified_positive"
0.8675,0.87,0,0.22816981818374,0.560580805155753,50.6722687337116,6.282482530995,TRUE,FALSE,FALSE,FALSE,FALSE,FALSE,FALSE,FALSE,"certified_positive"
0.87,0.8725,0,0.230896986783883,0.567906948721354,52.0881942533572,6.3650717969016,TRUE,FALSE,FALSE,FALSE,FALSE,FALSE,FALSE,FALSE,"certified_positive"
0.8725,0.875,0,0.233657603057159,0.575332014381475,53.5442702002989,6.44877382282147,TRUE,FALSE,FALSE,FALSE,FALSE,FALSE,FALSE,FALSE,"certified_positive"
0.875,0.8775,0,0.236452086310607,0.582857372102755,55.0416491147401,6.53360391097655,TRUE,FALSE,FALSE,FALSE,FALSE,FALSE,FALSE,FALSE,"certified_positive"
0.8775,0.88,0,0.239280861200355,0.590484411196928,56.5815169628358,6.61957757761719,TRUE,FALSE,FALSE,FALSE,FALSE,FALSE,FALSE,FALSE,"certified_positive"
0.88,0.8825,0,0.242144357800738,0.59821454059813,58.1650941145743,6.70671055605826,TRUE,FALSE,FALSE,FALSE,FALSE,FALSE,FALSE,FALSE,"certified_positive"
0.8825,0.885,0,0.245043011674334,0.606049189144216,59.7936363504816,6.7950187997588,TRUE,FALSE,FALSE,FALSE,FALSE,FALSE,FALSE,FALSE,"certified_positive"
0.885,0.8875,0,0.24797726394289,0.613989805862172,61.468435898001,6.88451848544588,TRUE,FALSE,FALSE,FALSE,FALSE,FALSE,FALSE,FALSE,"certified_positive"
0.8875,0.89,0,0.250947561359191,0.622037860257647,63.1908224984297,6.97522601628334,TRUE,FALSE,FALSE,FALSE,FALSE,FALSE,FALSE,FALSE,"certified_positive"
0.89,0.8925,0,0.253954356379853,0.630194842608713,64.9621645053173,7.06715802508604,TRUE,FALSE,FALSE,FALSE,FALSE,FALSE,FALSE,FALSE,"certified_positive"
0.8925,0.895,0,0.256998107239078,0.638462264263862,66.7838700152623,7.16033137758023,TRUE,FALSE,FALSE,FALSE,FALSE,FALSE,FALSE,FALSE,"certified_positive"
0.895,0.8975,0,0.260079278023358,0.646841657944344,68.6573880320658,7.25476317571075,TRUE,FALSE,FALSE,FALSE,FALSE,FALSE,FALSE,FALSE,"certified_positive"
0.8975,0.9,0,0.263198338747162,0.655334578050889,70.5842096652336,7.35047076099581,TRUE,FALSE,FALSE,FALSE,FALSE,FALSE,FALSE,FALSE,"certified_positive"
0.9,0.9025,0,0.266355765429607,0.663942600974878,72.5658693638483,7.44747171792987,TRUE,FALSE,FALSE,FALSE,FALSE,FALSE,FALSE,FALSE,"certified_positive"
0.9025,0.905,0,0.269552040172125,0.672667325414042,74.6039461868565,7.54578387743551,TRUE,FALSE,FALSE,FALSE,FALSE,FALSE,FALSE,FALSE,"certified_positive"
0.905,0.9075,0,0.272787651237154,0.68151037269273,76.7000651108601,7.64542532036485,TRUE,FALSE,FALSE,FALSE,FALSE,FALSE,FALSE,FALSE,"certified_positive"
0.9075,0.91,0,0.276063093127841,0.690473387086845,78.8558983765175,7.74641438105131,TRUE,FALSE,FALSE,FALSE,FALSE,FALSE,FALSE,FALSE,"certified_positive"
0.91,0.9125,0,0.279378866668797,0.699558036153483,81.07316687471,7.84876965091246,TRUE,FALSE,FALSE,FALSE,FALSE,FALSE,FALSE,FALSE,"certified_positive"
0.9125,0.915,0,0.282735479087896,0.708766011065379,83.3536415736463,7.95250998210461,TRUE,FALSE,FALSE,FALSE,FALSE,FALSE,FALSE,FALSE,"certified_positive"
0.915,0.9175,0,0.286133444099153,0.718099026950192,85.6991449881308,8.05765449123001,TRUE,FALSE,FALSE,FALSE,FALSE,FALSE,FALSE,FALSE,"certified_positive"
0.9175,0.92,0,0.289573281986666,0.727558823234739,88.1115526922393,8.16422256309734,TRUE,FALSE,FALSE,FALSE,FALSE,FALSE,FALSE,FALSE,"certified_positive"
0.92,0.9225,0,0.29305551968967,0.737147163994213,90.5927948767027,8.27223385453627,TRUE,FALSE,FALSE,FALSE,FALSE,FALSE,FALSE,FALSE,"certified_positive"
0.9225,0.925,0,0.296580690888693,0.746865838306496,93.1448579523166,8.38170829826695,TRUE,FALSE,FALSE,FALSE,FALSE,FALSE,FALSE,FALSE,"certified_positive"
0.925,0.9275,0,0.300149336092834,0.756716660611601,95.7697862007576,8.49266610682509,TRUE,FALSE,FALSE,FALSE,FALSE,FALSE,FALSE,FALSE,"certified_positive"
0.9275,0.93,0,0.303762002728185,0.766701471076366,98.4696834742037,8.60512777654362,TRUE,FALSE,FALSE,FALSE,FALSE,FALSE,FALSE,FALSE,"certified_positive"
0.93,0.9325,0,0.307419245227408,0.776822135964417,101.246714945223,8.71911409159153,TRUE,FALSE,FALSE,FALSE,FALSE,FALSE,FALSE,FALSE,"certified_positive"
0.9325,0.935,0,0.311121625120469,0.787080548011547,104.103108908412,8.83464612807098,TRUE,FALSE,FALSE,FALSE,FALSE,FALSE,FALSE,FALSE,"certified_positive"
0.935,0.9375,0,0.314869711126578,0.797478626806522,107.041158635341,8.95174525817325,TRUE,FALSE,FALSE,FALSE,FALSE,FALSE,FALSE,FALSE,"certified_positive"
0.9375,0.94,0,0.318664079247303,0.808018319177452,110.063224284374,9.07043315439465,TRUE,FALSE,FALSE,FALSE,FALSE,FALSE,FALSE,FALSE,"certified_positive"
0.94,0.9425,0,0.322505312860926,0.81870159958376,113.171734867006,9.19073179381303,TRUE,FALSE,FALSE,FALSE,FALSE,FALSE,FALSE,FALSE,"certified_positive"
0.9425,0.945,0,0.326394002818003,0.829530470513879,116.369190272408,9.31266346242596,TRUE,FALSE,FALSE,FALSE,FALSE,FALSE,FALSE,FALSE,"certified_positive"
0.945,0.9475,0,0.330330747538201,0.840506962888704,119.658163351891,9.43625075955132,TRUE,FALSE,FALSE,FALSE,FALSE,FALSE,FALSE,FALSE,"certified_positive"
0.9475,0.95,0,0.334316153108372,0.85163313647095,123.041302065099,9.56151660229133,TRUE,FALSE,FALSE,FALSE,FALSE,FALSE,FALSE,FALSE,"certified_positive"
0.95,0.9525,0,0.338350833381927,0.862911080280436,126.521331689741,9.6884842300609,TRUE,FALSE,FALSE,FALSE,FALSE,FALSE,FALSE,FALSE,"certified_positive"
0.9525,0.955,0,0.342435410079497,0.874342913015442,130.101057096784,9.81717720918116,TRUE,FALSE,FALSE,FALSE,FALSE,FALSE,FALSE,FALSE,"certified_positive"
0.955,0.9575,0,0.346570512890911,0.885930783480179,133.783365093036,9.94761943753928,TRUE,FALSE,FALSE,FALSE,FALSE,FALSE,FALSE,FALSE,"certified_positive"
0.9575,0.96,0,0.350756779578511,0.897676871018488,137.57122683313,10.0798351493154,TRUE,FALSE,FALSE,FALSE,FALSE,FALSE,FALSE,FALSE,"certified_positive"
0.96,0.9625,0,0.354994856081804,0.909583385953871,141.467700302988,10.2138489197775,TRUE,FALSE,FALSE,FALSE,FALSE,FALSE,FALSE,FALSE,"certified_positive"
0.9625,0.965,0,0.359285396623494,0.921652570035897,145.475932876878,10.3496856701461,TRUE,FALSE,FALSE,FALSE,FALSE,FALSE,FALSE,FALSE,"certified_positive"
0.965,0.9675,0,0.363629063816889,0.933886696893151,149.599163950279,10.4873706725279,TRUE,FALSE,FALSE,FALSE,FALSE,FALSE,FALSE,FALSE,"certified_positive"
0.9675,0.97,0,0.368026528774719,0.946288072492739,153.840727650787,10.6269295549219,TRUE,FALSE,FALSE,FALSE,FALSE,FALSE,FALSE,FALSE,"certified_positive"
0.97,0.9725,0,0.372478471219364,0.958859035606526,158.204055629415,10.7683883062967,TRUE,FALSE,FALSE,FALSE,FALSE,FALSE,FALSE,FALSE,"certified_positive"
0.9725,0.975,0,0.376985579594537,0.971601958284136,162.692679934668,10.9117732817413,TRUE,FALSE,FALSE,FALSE,FALSE,FALSE,FALSE,FALSE,"certified_positive"
0.975,0.9775,0,0.381548551178409,0.984519246332871,167.310235971864,11.0571112076908,TRUE,FALSE,FALSE,FALSE,FALSE,FALSE,FALSE,FALSE,"certified_positive"
0.9775,0.98,0,0.38616809219823,0.997613339804596,172.060465550252,11.2044291872267,TRUE,FALSE,FALSE,FALSE,FALSE,FALSE,FALSE,FALSE,"certified_positive"
0.98,0.9825,0,0.390844917946426,1.01088671348976,176.947220020532,11.3537547054538,TRUE,FALSE,FALSE,FALSE,FALSE,FALSE,FALSE,FALSE,"certified_positive"
0.9825,0.985,0,0.395579752898237,1.02434187741855,181.974463505485,11.5051156349554,TRUE,FALSE,FALSE,FALSE,FALSE,FALSE,FALSE,FALSE,"certified_positive"
0.985,0.9875,0,0.400373330830868,1.03798137736948,187.146276226492,11.6585402413262,TRUE,FALSE,FALSE,FALSE,FALSE,FALSE,FALSE,FALSE,"certified_positive"
0.9875,0.99,0,0.405226394944217,1.05180779538521,192.466857928794,11.8140571887859,TRUE,FALSE,FALSE,FALSE,FALSE,FALSE,FALSE,FALSE,"certified_positive"
0.99,0.9925,0,0.410139697983164,1.06582375029607,197.940531408449,11.9716955458736,TRUE,FALSE,FALSE,FALSE,FALSE,FALSE,FALSE,FALSE,"certified_positive"
0.9925,0.995,0,0.415114002361474,1.08003189825109,203.571746144015,12.1314847912241,TRUE,FALSE,FALSE,FALSE,FALSE,FALSE,FALSE,FALSE,"certified_positive"
0.995,0.9975,0,0.420150080287302,1.09443493325686,209.365082036096,12.293454819428,TRUE,FALSE,FALSE,FALSE,FALSE,FALSE,FALSE,FALSE,"certified_positive"
0.9975,1,0,0.425248713890355,1.10903558772421,215.325253257961,12.4576359469764,TRUE,FALSE,FALSE,FALSE,FALSE,FALSE,FALSE,FALSE,"certified_positive"
1,1.0025,0,0.430410695350697,1.12383663302284,221.457112220554,12.6240589182913,TRUE,FALSE,FALSE,FALSE,FALSE,FALSE,FALSE,FALSE,"certified_positive"
1.0025,1.005,0,0.435636827029258,1.13884088004411,227.765653655323,12.7927549118431,TRUE,FALSE,FALSE,FALSE,FALSE,FALSE,FALSE,FALSE,"certified_positive"
1.005,1.0075,0,0.440927921600032,1.154051179772,234.256018818368,12.9637555463569,TRUE,FALSE,FALSE,FALSE,FALSE,FALSE,FALSE,FALSE,"certified_positive"
1.0075,1.01,0,0.446284802184018,1.1694704238624,240.933499819559,13.1370928871077,TRUE,FALSE,FALSE,FALSE,FALSE,FALSE,FALSE,FALSE,"certified_positive"
1.01,1.0125,0,0.451708302484885,1.1851015452309,247.803544080324,13.3127994523076,TRUE,FALSE,FALSE,FALSE,FALSE,FALSE,FALSE,FALSE,"certified_positive"
1.0125,1.015,0,0.457199266926454,1.20094751864907,254.871758923991,13.4909082195843,TRUE,FALSE,FALSE,FALSE,FALSE,FALSE,FALSE,FALSE,"certified_positive"
1.015,1.0175,0,0.462758550791923,1.21701136134957,262.143916302604,13.6714526325537,TRUE,FALSE,FALSE,FALSE,FALSE,FALSE,FALSE,FALSE,"certified_positive"
1.0175,1.02,0,0.468387020364964,1.23329613363998,269.62595766434,13.8544666074882,TRUE,FALSE,FALSE,FALSE,FALSE,FALSE,FALSE,FALSE,"certified_positive"
1.02,1.0225,0,0.47408555307263,1.24980493952566,277.323998965679,14.03998454008,TRUE,FALSE,FALSE,FALSE,FALSE,FALSE,FALSE,FALSE,"certified_positive"
1.0225,1.025,0,0.479855037630141,1.26654092734171,285.244335832696,14.2280413123033,TRUE,FALSE,FALSE,FALSE,FALSE,FALSE,FALSE,FALSE,"certified_positive"
1.025,1.0275,0,0.485696374187565,1.28350729039413,293.393448875916,14.4186722993754,TRUE,FALSE,FALSE,FALSE,FALSE,FALSE,FALSE,FALSE,"certified_positive"
1.0275,1.03,0,0.491610474478415,1.30070726761033,301.778009163329,14.6119133768186,TRUE,FALSE,FALSE,FALSE,FALSE,FALSE,FALSE,FALSE,"certified_positive"
1.03,1.0325,0,0.497598261970192,1.31814414419922,310.404883856289,14.8078009276238,TRUE,FALSE,FALSE,FALSE,FALSE,FALSE,FALSE,FALSE,"certified_positive"
1.0325,1.035,0,0.503660672016876,1.33582125232087,319.281142013176,15.0063718495185,TRUE,FALSE,FALSE,FALSE,FALSE,FALSE,FALSE,FALSE,"certified_positive"
1.035,1.0375,0,0.509798652013459,1.35374197176599,328.414060565853,15.2076635623396,TRUE,FALSE,FALSE,FALSE,FALSE,FALSE,FALSE,FALSE,"certified_positive"
1.0375,1.04,0,0.516013161552432,1.37190973064536,337.811130474052,15.4117140155126,TRUE,FALSE,FALSE,FALSE,FALSE,FALSE,FALSE,FALSE,"certified_positive"
1.04,1.0425,0,0.52230517258238,1.39032800608925,347.480063063062,15.6185616956394,TRUE,FALSE,FALSE,FALSE,FALSE,FALSE,FALSE,FALSE,"certified_positive"
1.0425,1.045,0,0.528675669568614,1.40900032495722,357.42879655016,15.8282456341961,TRUE,FALSE,FALSE,FALSE,FALSE,FALSE,FALSE,FALSE,"certified_positive"
1.045,1.0475,0,0.535125649655917,1.42793026455812,367.665502765469,16.0408054153419,TRUE,FALSE,FALSE,FALSE,FALSE,FALSE,FALSE,FALSE,"certified_positive"
1.0475,1.05,0,0.54165612283341,1.44712145338075,378.198594073045,16.2562811838409,TRUE,FALSE,FALSE,FALSE,FALSE,FALSE,FALSE,FALSE,"certified_positive"
1.05,1.0525,0,0.548268112101594,1.46657757183515,389.036730498197,16.4747136530993,TRUE,FALSE,FALSE,FALSE,FALSE,FALSE,FALSE,FALSE,"certified_positive"
1.0525,1.055,0,0.554962653641539,1.48630235300474,400.188827067202,16.6961441133187,TRUE,FALSE,FALSE,FALSE,FALSE,FALSE,FALSE,FALSE,"certified_positive"
1.055,1.0575,0,0.561740796986339,1.50629958340946,411.664061365811,16.9206144397669,TRUE,FALSE,FALSE,FALSE,FALSE,FALSE,FALSE,FALSE,"certified_positive"
1.0575,1.06,0,0.568603605194748,1.52657310378008,423.471881323046,17.1481671011692,TRUE,FALSE,FALSE,FALSE,FALSE,FALSE,FALSE,FALSE,"certified_positive"
1.06,1.0625,0,0.575552155027148,1.54712680984382,435.622013227093,17.3788451682216,TRUE,FALSE,FALSE,FALSE,FALSE,FALSE,FALSE,FALSE,"certified_positive"
1.0625,1.065,0,0.582587537123771,1.56796465312152,448.124469980204,17.6126923222259,TRUE,FALSE,FALSE,FALSE,FALSE,FALSE,FALSE,FALSE,"certified_positive"
1.065,1.0675,0,0.589710856185278,1.58909064173638,460.989559599785,17.8497528638519,TRUE,FALSE,FALSE,FALSE,FALSE,FALSE,FALSE,FALSE,"certified_positive"
1.0675,1.07,0,0.59692323115569,1.61050884123463,474.227893973059,18.0900717220248,TRUE,FALSE,FALSE,FALSE,FALSE,FALSE,FALSE,FALSE,"certified_positive"
1.07,1.0725,0,0.604225795407726,1.63222337541817,487.850397872883,18.3336944629426,TRUE,FALSE,FALSE,FALSE,FALSE,FALSE,FALSE,FALSE,"certified_positive"
1.0725,1.075,0,0.611619696930528,1.65423842718938,501.868318242557,18.5806672992236,TRUE,FALSE,FALSE,FALSE,FALSE,FALSE,FALSE,FALSE,"certified_positive"
1.075,1.0775,0,0.619106098519908,1.67655823940835,516.293233757705,18.8310370991872,TRUE,FALSE,FALSE,FALSE,FALSE,FALSE,FALSE,FALSE,"certified_positive"
1.0775,1.08,0,0.626686177971004,1.69918711576261,531.137064673493,19.0848513962681,TRUE,FALSE,FALSE,FALSE,FALSE,FALSE,FALSE,FALSE,"certified_positive"
1.08,1.0825,0,0.634361128273524,1.72212942164963,546.412082965804,19.3421583985685,TRUE,FALSE,FALSE,FALSE,FALSE,FALSE,FALSE,FALSE,"certified_positive"
1.0825,1.085,0,0.64213215780951,1.74538958507222,562.13092277512,19.6030069985478,TRUE,FALSE,FALSE,FALSE,FALSE,FALSE,FALSE,FALSE,"certified_positive"
1.085,1.0875,0,0.650000490553692,1.76897209754709,578.306591162238,19.867446782853,TRUE,FALSE,FALSE,FALSE,FALSE,FALSE,FALSE,FALSE,"certified_positive"
1.0875,1.09,0,0.657967366276473,1.79288151502662,594.952479185151,20.1355280422922,TRUE,FALSE,FALSE,FALSE,FALSE,FALSE,FALSE,FALSE,"certified_positive"
1.09,1.0925,0,0.666034040749562,1.81712245883429,612.082373306738,20.4073017819522,TRUE,FALSE,FALSE,FALSE,FALSE,FALSE,FALSE,FALSE,"certified_positive"
1.0925,1.095,0,0.674201785954311,1.84169961661363,629.710467143195,20.6828197314634,TRUE,FALSE,FALSE,FALSE,FALSE,FALSE,FALSE,FALSE,"certified_positive"
1.095,1.0975,0,0.682471890292742,1.86661774329124,647.851373563402,20.9621343554135,TRUE,FALSE,FALSE,FALSE,FALSE,FALSE,FALSE,FALSE,"certified_positive"
1.0975,1.1,0,0.690845658801399,1.89188166205382,666.520137149822,21.245298863912,TRUE,FALSE,FALSE,FALSE,FALSE,FALSE,FALSE,FALSE,"certified_positive"
1.1,1.1025,0,0.69932441336792,1.91749626533955,685.73224703169,21.5323672233091,TRUE,FALSE,FALSE,FALSE,FALSE,FALSE,FALSE,FALSE,"certified_positive"
1.1025,1.105,0,0.707909492950514,1.94346651584403,705.503650101777,21.8233941670684,TRUE,FALSE,FALSE,FALSE,FALSE,FALSE,FALSE,FALSE,"certified_positive"
1.105,1.1075,0,0.716602253800266,1.96979744754091,725.850764628152,22.1184352067998,TRUE,FALSE,FALSE,FALSE,FALSE,FALSE,FALSE,FALSE,"certified_positive"
1.1075,1.11,0,0.725404069686366,1.99649416671754,746.790494272854,22.4175466434503,TRUE,FALSE,FALSE,FALSE,FALSE,FALSE,FALSE,FALSE,"certified_positive"
1.11,1.1125,0,0.734316332124282,2.02356185302576,768.340242529679,22.7207855786592,TRUE,FALSE,FALSE,FALSE,FALSE,FALSE,FALSE,FALSE,"certified_positive"
1.1125,1.115,0,0.743340450606935,2.05100576054809,790.517927593683,23.0282099262769,TRUE,FALSE,FALSE,FALSE,FALSE,FALSE,FALSE,FALSE,"certified_positive"
1.115,1.1175,0,0.752477852838856,2.07883121887966,813.34199767532,23.3398784240519,TRUE,FALSE,FALSE,FALSE,FALSE,FALSE,FALSE,FALSE,"certified_positive"
1.1175,1.12,0,0.761729984973475,2.10704363422587,836.831446772674,23.6558506454871,TRUE,FALSE,FALSE,FALSE,FALSE,FALSE,FALSE,FALSE,"certified_positive"
1.12,1.1225,0,0.771098311853441,2.13564849051622,861.005830915412,23.9761870118687,TRUE,FALSE,FALSE,FALSE,FALSE,FALSE,FALSE,FALSE,"certified_positive"
1.1225,1.125,0,0.78058431725415,2.16465135053451,885.88528489476,24.3009488044693,TRUE,FALSE,FALSE,FALSE,FALSE,FALSE,FALSE,FALSE,"certified_positive"
1.125,1.1275,0,0.790189504130424,2.19405785706554,911.490539494026,24.6301981769292,TRUE,FALSE,FALSE,FALSE,FALSE,FALSE,FALSE,FALSE,"certified_positive"
1.1275,1.13,0,0.799915394866427,2.22387373405871,937.842939234742,24.9639981678172,TRUE,FALSE,FALSE,FALSE,FALSE,FALSE,FALSE,FALSE,"certified_positive"
1.13,1.1325,0,0.809763531528855,2.25410478780867,964.964460653931,25.3024127133739,TRUE,FALSE,FALSE,FALSE,FALSE,FALSE,FALSE,FALSE,"certified_positive"
1.1325,1.135,0,0.819735476123453,2.28475690815327,992.877731128458,25.6455066604402,TRUE,FALSE,FALSE,FALSE,FALSE,FALSE,FALSE,FALSE,"certified_positive"
1.135,1.1375,0,0.829832810854837,2.31583606968916,1021.60604826288,25.9933457795746,TRUE,FALSE,FALSE,FALSE,FALSE,FALSE,FALSE,FALSE,"certified_positive"
1.1375,1.14,0,0.84005713838981,2.34734833300513,1051.17339985784,26.3459967783598,TRUE,FALSE,FALSE,FALSE,FALSE,FALSE,FALSE,FALSE,"certified_positive"
1.14,1.1425,0,0.850410082124012,2.37929984593371,1081.60448447632,26.7035273149043,TRUE,FALSE,FALSE,FALSE,FALSE,FALSE,FALSE,FALSE,"certified_positive"
1.1425,1.145,0,0.860893286452165,2.41169684482096,1112.92473262585,27.0660060115396,TRUE,FALSE,FALSE,FALSE,FALSE,FALSE,FALSE,FALSE,"certified_positive"
1.145,1.1475,0,0.871508417041783,2.44454565581507,1145.16032857517,27.4335024687166,TRUE,FALSE,FALSE,FALSE,FALSE,FALSE,FALSE,FALSE,"certified_positive"
1.1475,1.15,0,0.882257161110496,2.4778526961738,1178.33823282435,27.8060872791043,TRUE,FALSE,FALSE,FALSE,FALSE,FALSE,FALSE,FALSE,"certified_positive"
1.15,1.1525,0,0.893141227707002,2.51162447559112,1212.48620524823,28.183832041894,TRUE,FALSE,FALSE,FALSE,FALSE,FALSE,FALSE,FALSE,"certified_positive"
1.1525,1.155,0,0.904162347995686,2.54586759754338,1247.63282893314,28.5668093773112,TRUE,FALSE,FALSE,FALSE,FALSE,FALSE,FALSE,FALSE,"certified_positive"
1.155,1.1575,0,0.91532227554499,2.58058876065518,1283.80753472809,28.9550929413386,TRUE,FALSE,FALSE,FALSE,FALSE,FALSE,FALSE,FALSE,"certified_positive"
1.1575,1.16,0,0.926622786619501,2.61579476008546,1321.04062653165,29.348757440654,TRUE,FALSE,FALSE,FALSE,FALSE,FALSE,FALSE,FALSE,"certified_positive"
1.16,1.1625,0,0.938065680475959,2.65149248893374,1359.36330733686,29.747878647785,TRUE,FALSE,FALSE,FALSE,FALSE,FALSE,FALSE,FALSE,"certified_positive"
1.1625,1.165,0,0.94965277966302,2.68768893966719,1398.8077060569,30.1525334164848,TRUE,FALSE,FALSE,FALSE,FALSE,FALSE,FALSE,FALSE,"certified_positive"
1.165,1.1675,0,0.961385930325058,2.72439120556866,1439.40690515501,30.5627996973314,TRUE,FALSE,FALSE,FALSE,FALSE,FALSE,FALSE,FALSE,"certified_positive"
1.1675,1.17,0,0.973267002509863,2.76160648220584,1481.19496910295,30.9787565535547,TRUE,FALSE,FALSE,FALSE,FALSE,FALSE,FALSE,FALSE,"certified_positive"
1.17,1.1725,0,0.985297890480402,2.79934206892225,1524.20697369289,31.4004841770931,TRUE,FALSE,FALSE,FALSE,FALSE,FALSE,FALSE,FALSE,"certified_positive"
1.1725,1.175,0,0.997480513030654,2.83760537034996,1568.47903622842,31.8280639048848,TRUE,FALSE,FALSE,FALSE,FALSE,FALSE,FALSE,FALSE,"certified_positive"
1.175,1.1775,0,1.0098168138056,2.87640389794461,1614.04834662124,32.2615782353958,TRUE,FALSE,FALSE,FALSE,FALSE,FALSE,FALSE,FALSE,"certified_positive"
1.1775,1.18,0,1.02230876162535,2.91574527154304,1660.95319942067,32.7011108453894,TRUE,FALSE,FALSE,FALSE,FALSE,FALSE,FALSE,FALSE,"certified_positive"
1.18,1.1825,0,1.03495835081357,2.95563722094375,1709.23302680432,33.1467466069393,TRUE,FALSE,FALSE,FALSE,FALSE,FALSE,FALSE,FALSE,"certified_positive"
1.1825,1.185,0,1.04776760153018,2.99608758751071,1758.92843255852,33.5985716046908,TRUE,FALSE,FALSE,FALSE,FALSE,FALSE,FALSE,FALSE,"certified_positive"
1.185,1.1875,0,1.06073856010841,3.03710432580061,1810.08122707873,34.0566731533741,TRUE,FALSE,FALSE,FALSE,FALSE,FALSE,FALSE,FALSE,"certified_positive"
1.1875,1.19,0,1.07387329939627,3.0786955052142,1862.73446342037,34.5211398155719,TRUE,FALSE,FALSE,FALSE,FALSE,FALSE,FALSE,FALSE,"certified_positive"
1.19,1.1925,0,1.08717391910251,3.1208693116718,1916.93247443187,34.9920614197468,TRUE,FALSE,FALSE,FALSE,FALSE,FALSE,FALSE,FALSE,"certified_positive"
1.1925,1.195,0,1.10064254614707,3.16363404931354,1972.7209110025,35.4695290785311,TRUE,FALSE,FALSE,FALSE,FALSE,FALSE,FALSE,FALSE,"certified_positive"
1.195,1.1975,0,1.11428133501615,3.20699814222455,2030.14678145867,35.9536352072831,TRUE,FALSE,FALSE,FALSE,FALSE,FALSE,FALSE,FALSE,"certified_positive"
1.1975,1.2,0,1.1280924681219,3.25097013618565,2089.25849214317,36.444473542915,TRUE,FALSE,FALSE,FALSE,FALSE,FALSE,FALSE,FALSE,"certified_positive"
1.2,1.2025,0,1.14207815616688,3.29555870044964,2150.10588921322,36.9421391629934,TRUE,FALSE,FALSE,FALSE,FALSE,FALSE,FALSE,FALSE,"certified_positive"
1.2025,1.205,0,1.15624063851319,3.3407726295439,2212.74030169384,37.4467285051207,TRUE,FALSE,FALSE,FALSE,FALSE,FALSE,FALSE,FALSE,"certified_positive"
1.205,1.2075,0,1.17058218355657,3.38662084509938,2277.21458582469,37.9583393865972,TRUE,FALSE,FALSE,FALSE,FALSE,FALSE,FALSE,FALSE,"certified_positive"
1.2075,1.21,0,1.18510508910522,3.43311239770662,2343.58317073911,38.4770710243713,TRUE,FALSE,FALSE,FALSE,FALSE,FALSE,FALSE,FALSE,"certified_positive"
1.21,1.2125,0,1.19981168276376,3.48025646879905,2411.90210551567,39.0030240552802,TRUE,FALSE,FALSE,FALSE,FALSE,FALSE,FALSE,FALSE,"certified_positive"
1.2125,1.215,0,1.21470432232213,3.52806237256401,2482.22910764374,39.536300556586,TRUE,FALSE,FALSE,FALSE,FALSE,FALSE,FALSE,FALSE,"certified_positive"
1.215,1.2175,0,1.22978539614952,3.57653955788193,2554.62361294547,40.0770040668118,TRUE,FALSE,FALSE,FALSE,FALSE,FALSE,FALSE,FALSE,"certified_positive"
1.2175,1.22,0,1.24505732359361,3.62569761029406,2629.14682699843,40.6252396068808,TRUE,FALSE,FALSE,FALSE,FALSE,FALSE,FALSE,FALSE,"certified_positive"
1.22,1.2225,0,1.26052255538488,3.67554625399921,2705.86177810392,41.1811137015658,TRUE,FALSE,FALSE,FALSE,FALSE,FALSE,FALSE,FALSE,"certified_positive"
1.2225,1.225,0,1.27618357404637,3.72609535387981,2784.83337184788,41.74473440125,TRUE,FALSE,FALSE,FALSE,FALSE,FALSE,FALSE,FALSE,"certified_positive"
1.225,1.2275,0,1.29204289430861,3.77735491755796,2866.12844730212,42.3162113040062,TRUE,FALSE,FALSE,FALSE,FALSE,FALSE,FALSE,FALSE,"certified_positive"
1.2275,1.23,0,1.30810306353019,3.82933509748162,2949.81583491577,42.8956555779989,TRUE,FALSE,FALSE,FALSE,FALSE,FALSE,FALSE,FALSE,"certified_positive"
1.23,1.2325,0,1.3243666621237,3.88204619304165,3035.96641614763,43.4831799842123,TRUE,FALSE,FALSE,FALSE,FALSE,FALSE,FALSE,FALSE,"certified_positive"
1.2325,1.235,0,1.34083630398727,3.93549865271999,3124.6531848922,44.0788988995114,TRUE,FALSE,FALSE,FALSE,FALSE,FALSE,FALSE,FALSE,"certified_positive"
1.235,1.2375,0,1.3575146369418,3.98970307626948,3215.95131075348,44.6829283400391,TRUE,FALSE,FALSE,FALSE,FALSE,FALSE,FALSE,FALSE,"certified_positive"
1.2375,1.24,0,1.3744043431739,4.04467021692586,3309.93820422235,45.2953859849553,TRUE,FALSE,FALSE,FALSE,FALSE,FALSE,FALSE,FALSE,"certified_positive"
1.24,1.2425,0,1.39150813968454,4.10041098365238,3406.6935838149,45.916391200523,TRUE,FALSE,FALSE,FALSE,FALSE,FALSE,FALSE,FALSE,"certified_positive"
1.2425,1.245,0,1.40882877874379,4.15693644341738,3506.29954523123,46.5460650645458,TRUE,FALSE,FALSE,FALSE,FALSE,FALSE,FALSE,FALSE,"certified_positive"
1.245,1.2475,0,1.42636904835124,4.21425782350561,3608.84063259534,47.1845303911631,TRUE,FALSE,FALSE,FALSE,FALSE,FALSE,FALSE,FALSE,"certified_positive"
1.2475,1.25,0,1.44413177270265,4.2723865138635,3714.40391183944,47.831911756007,TRUE,FALSE,FALSE,FALSE,FALSE,FALSE,FALSE,FALSE,"certified_positive"
1.25,1.2525,0,1.46211981266265,4.33133406947909,3823.07904629702,48.4883355217272,TRUE,FALSE,FALSE,FALSE,FALSE,FALSE,FALSE,FALSE,"certified_positive"
1.2525,1.255,0,1.48033606624359,4.391112212797,3934.95837457174,49.1539298638891,TRUE,FALSE,FALSE,FALSE,FALSE,FALSE,FALSE,FALSE,"certified_positive"
1.255,1.2575,0,1.49878346909071,4.451732836169,4050.13699075078,49.8288247972495,TRUE,FALSE,FALSE,FALSE,FALSE,FALSE,FALSE,FALSE,"certified_positive"
1.2575,1.26,0,1.51746499497362,4.51320800434087,4168.71282703346,50.5131522024182,TRUE,FALSE,FALSE,FALSE,FALSE,FALSE,FALSE,FALSE,"certified_positive"
1.26,1.2625,0,1.53638365628426,4.57554995697572,4290.78673884833,51.2070458529077,TRUE,FALSE,FALSE,FALSE,FALSE,FALSE,FALSE,FALSE,"certified_positive"
1.2625,1.265,0,1.55554250454133,4.63877111121472,4416.46259253361,51.9106414425791,TRUE,FALSE,FALSE,FALSE,FALSE,FALSE,FALSE,FALSE,"certified_positive"
1.265,1.2675,0,1.5749446309014,4.70288406427546,4545.84735565891,52.6240766134895,TRUE,FALSE,FALSE,FALSE,FALSE,FALSE,FALSE,FALSE,"certified_positive"
1.2675,1.27,0,1.59459316667657,4.76790159608883,4679.0511900675,53.3474909841465,TRUE,FALSE,FALSE,FALSE,FALSE,FALSE,FALSE,FALSE,"certified_positive"
1.27,1.2725,0,1.61449128385908,4.83383667197457,4816.18754772212,54.0810261781758,TRUE,FALSE,FALSE,FALSE,FALSE,FALSE,FALSE,FALSE,"certified_positive"
1.2725,1.275,0,1.63464219565264,4.90070244535655,4957.37326943842,54.8248258534086,TRUE,FALSE,FALSE,FALSE,FALSE,FALSE,FALSE,FALSE,"certified_positive"
1.275,1.2775,0,1.65504915701084,4.96851226051795,5102.72868659375,55.5790357313938,TRUE,FALSE,FALSE,FALSE,FALSE,FALSE,FALSE,FALSE,"certified_positive"
1.2775,1.28,0,1.67571546518251,5.03727965539713,5252.37772590125,56.3438036273426,TRUE,FALSE,FALSE,FALSE,FALSE,FALSE,FALSE,FALSE,"certified_positive"
1.28,1.2825,0,1.69664446026421,5.1070183644249,5406.44801734168,57.1192794805114,TRUE,FALSE,FALSE,FALSE,FALSE,FALSE,FALSE,FALSE,"certified_positive"
1.2825,1.285,0,1.7178395257601,5.17774232140349,5565.07100534902,57.9056153850288,TRUE,FALSE,FALSE,FALSE,FALSE,FALSE,FALSE,FALSE,"certified_positive"
1.285,1.2875,0,1.73930408914895,5.24946566242816,5728.38206334772,58.7029656211738,TRUE,FALSE,FALSE,FALSE,FALSE,FALSE,FALSE,FALSE,"certified_positive"
1.2875,1.29,0,1.76104162245872,5.32220272885184,5896.52061174342,59.5114866871121,TRUE,FALSE,FALSE,FALSE,FALSE,FALSE,FALSE,FALSE,"certified_positive"
1.29,1.2925,0,1.78305564284853,5.39596807029373,6069.63023947131,60.331337331097,TRUE,FALSE,FALSE,FALSE,FALSE,FALSE,FALSE,FALSE,"certified_positive"
1.2925,1.295,0,1.80534971319837,5.47077644769208,6247.85882921023,61.1626785841417,TRUE,FALSE,FALSE,FALSE,FALSE,FALSE,FALSE,FALSE,"certified_positive"
1.295,1.2975,0,1.82792744270646,5.54664283640227,6431.3586863729,62.0056737931696,TRUE,FALSE,FALSE,FALSE,FALSE,FALSE,FALSE,FALSE,"certified_positive"
1.2975,1.3,0,1.85079248749447,5.62358242934049,6620.28667198704,62.8604886546502,TRUE,FALSE,FALSE,FALSE,FALSE,FALSE,FALSE,FALSE,"certified_positive"
1.3,1.3025,0,1.87394855122055,5.70161064017402,6814.80433958479,63.7272912487282,TRUE,FALSE,FALSE,FALSE,FALSE,FALSE,FALSE,FALSE,"certified_positive"
1.3025,1.305,0,1.89739938570057,5.78074310655851,7015.07807622215,64.6062520738514,TRUE,FALSE,FALSE,FALSE,FALSE,FALSE,FALSE,FALSE,"certified_positive"
1.305,1.3075,0,1.92114879153733,5.86099569342311,7221.27924775313,65.4975440819066,TRUE,FALSE,FALSE,FALSE,FALSE,FALSE,FALSE,FALSE,"certified_positive"
1.3075,1.31,0,1.94520061875813,5.94238449630419,7433.58434848765,66.4013427138696,TRUE,FALSE,FALSE,FALSE,FALSE,FALSE,FALSE,FALSE,"certified_positive"
1.31,1.3125,0,1.96955876746048,6.02492584472833,7652.17515536568,67.3178259359784,TRUE,FALSE,FALSE,FALSE,FALSE,FALSE,FALSE,FALSE,"certified_positive"
1.3125,1.315,0,1.99422718846658,6.1086363056452,7877.23888678493,68.2471742764354,TRUE,FALSE,FALSE,FALSE,FALSE,FALSE,FALSE,FALSE,"certified_positive"
1.315,1.3175,0,2.01920988398604,6.19353268691131,8108.96836622227,69.1895708626481,TRUE,FALSE,FALSE,FALSE,FALSE,FALSE,FALSE,FALSE,"certified_positive"
1.3175,1.32,0,2.04451090828753,6.27963204082511,8347.56219079481,70.1452014590148,TRUE,FALSE,FALSE,FALSE,FALSE,FALSE,FALSE,FALSE,"certified_positive"
1.32,1.3225,0,2.070134368379,6.36695166771453,8593.22490490948,71.1142545052652,TRUE,FALSE,FALSE,FALSE,FALSE,FALSE,FALSE,FALSE,"certified_positive"
1.3225,1.325,0,2.09608442469699,6.4555091195774,8846.16717915634,72.096921155362,TRUE,FALSE,FALSE,FALSE,FALSE,FALSE,FALSE,FALSE,"certified_positive"
1.325,1.3275,0,2.12236529180485,6.54532220377574,9106.60599460331,73.0933953169737,TRUE,FALSE,FALSE,FALSE,FALSE,FALSE,FALSE,FALSE,"certified_positive"
1.3275,1.33,0,2.14898123910017,6.63640898678468,9374.76483265686,74.1038736915244,TRUE,FALSE,FALSE,FALSE,FALSE,FALSE,FALSE,FALSE,"certified_positive"
1.33,1.3325,0,2.17593659153131,6.72878779799685,9650.87387065671,75.1285558148332,TRUE,FALSE,FALSE,FALSE,FALSE,FALSE,FALSE,FALSE,"certified_positive"
1.3325,1.335,0,2.20323573032355,6.82247723358298,9935.17018337895,76.1676440983479,TRUE,FALSE,FALSE,FALSE,FALSE,FALSE,FALSE,FALSE,"certified_positive"
1.335,1.3375,0,2.23088309371455,6.91749616040964,10227.8979506261,77.2213438709833,TRUE,FALSE,FALSE,FALSE,FALSE,FALSE,FALSE,FALSE,"certified_positive"
1.3375,1.34,0,2.25888317769951,7.01386372001482,10529.3086710886,78.2898634215739,TRUE,FALSE,FALSE,FALSE,FALSE,FALSE,FALSE,FALSE,"certified_positive"
1.34,1.3425,0,2.28724053678604,7.11159933264254,10839.6613826686,79.3734140419494,TRUE,FALSE,FALSE,FALSE,FALSE,FALSE,FALSE,FALSE,"certified_positive"
1.3425,1.345,0,2.31595978475895,7.21072270133693,11159.2228894607,80.4722100706414,TRUE,FALSE,FALSE,FALSE,FALSE,FALSE,FALSE,FALSE,"certified_positive"
1.345,1.3475,0,2.34504559545504,7.31125381609696,11488.2679955928,81.5864689372311,TRUE,FALSE,FALSE,FALSE,FALSE,FALSE,FALSE,FALSE,"certified_positive"
1.3475,1.35,0,2.374502703548,7.41321295809272,11827.079746134,82.7164112073491,TRUE,FALSE,FALSE,FALSE,FALSE,FALSE,FALSE,FALSE,"certified_positive"
1.35,1.3525,0,2.40433590534363,7.51662070394388,12175.9496752846,83.8622606283337,TRUE,FALSE,FALSE,FALSE,FALSE,FALSE,FALSE,FALSE,"certified_positive"
1.3525,1.355,0,2.43455005958532,7.62149793006182,12535.1780620683,85.0242441755608,TRUE,FALSE,FALSE,FALSE,FALSE,FALSE,FALSE,FALSE,"certified_positive"
1.355,1.3575,0,2.46515008827031,7.7278658170556,12905.0741937549,86.202592099453,TRUE,FALSE,FALSE,FALSE,FALSE,FALSE,FALSE,FALSE,"certified_positive"
1.3575,1.36,0,2.4961409774764,7.83574585420353,13285.9566372476,87.3975379731785,TRUE,FALSE,FALSE,FALSE,FALSE,FALSE,FALSE,FALSE,"certified_positive"
1.36,1.3625,0,2.52752777819964,7.94515984399057,13678.1535186765,88.6093187410504,TRUE,FALSE,FALSE,FALSE,FALSE,FALSE,FALSE,FALSE,"certified_positive"
1.3625,1.365,0,2.55931560720281,8.0561299067133,14082.0028114471,89.8381747676374,TRUE,FALSE,FALSE,FALSE,FALSE,FALSE,FALSE,FALSE,"certified_positive"
1.365,1.3675,0,2.5915096478752,8.16867848515271,14497.8526330006,91.084349887594,TRUE,FALSE,FALSE,FALSE,FALSE,FALSE,FALSE,FALSE,"certified_positive"
1.3675,1.37,0,2.62411515110343,8.28282834931639,14926.0615505505,92.3480914562237,TRUE,FALSE,FALSE,FALSE,FALSE,FALSE,FALSE,FALSE,"certified_positive"
1.37,1.3725,0,2.65713743615389,8.39860260125077,15366.9988960669,93.6296504007835,TRUE,FALSE,FALSE,FALSE,FALSE,FALSE,FALSE,FALSE,"certified_positive"
1.3725,1.375,0,2.69058189156642,8.51602467992493,15821.0450907907,94.9292812725435,TRUE,FALSE,FALSE,FALSE,FALSE,FALSE,FALSE,FALSE,"certified_positive"
1.375,1.3775,0,2.72445397606001,8.63511836618633,16288.5919795655,96.2472422996099,TRUE,FALSE,FALSE,FALSE,FALSE,FALSE,FALSE,FALSE,"certified_positive"
1.3775,1.38,0,2.75875921945009,8.7559077877903,16770.0431752858,97.583795440524,TRUE,FALSE,FALSE,FALSE,FALSE,FALSE,FALSE,FALSE,"certified_positive"
1.38,1.3825,0,2.793503223578,8.87841742450372,17265.8144137689,98.9392064386487,TRUE,FALSE,FALSE,FALSE,FALSE,FALSE,FALSE,FALSE,"certified_positive"
1.3825,1.385,0,2.82869166325238,9.00267211328467,17776.333919366,100.313744877355,TRUE,FALSE,FALSE,FALSE,FALSE,FALSE,FALSE,FALSE,"certified_positive"
1.385,1.3875,0,2.8643302872032,9.12869705353843,18302.0427816395,101.707684236019,TRUE,FALSE,FALSE,FALSE,FALSE,FALSE,FALSE,FALSE,"certified_positive"
1.3875,1.39,0,2.90042491904796,9.25651781245167,18843.3953434419,103.12130194684,TRUE,FALSE,FALSE,FALSE,FALSE,FALSE,FALSE,FALSE,"certified_positive"
1.39,1.3925,0,2.93698145827072,9.38616033040538,19400.8596007432,104.554879452494,TRUE,FALSE,FALSE,FALSE,FALSE,FALSE,FALSE,FALSE,"certified_positive"
1.3925,1.395,0,2.97400588121379,9.51765092646839,19974.9176145618,106.008702264641,TRUE,FALSE,FALSE,FALSE,FALSE,FALSE,FALSE,FALSE,"certified_positive"
1.395,1.3975,0,3.01150424208254,9.65101630397191,20566.0659353693,107.483060023278,TRUE,FALSE,FALSE,FALSE,FALSE,FALSE,FALSE,FALSE,"certified_positive"
1.3975,1.4,0,3.04948267396319,9.786283556167,21174.8160403452,108.978246556985,TRUE,FALSE,FALSE,FALSE,FALSE,FALSE,FALSE,FALSE,"certified_positive"
1.4,1.4025,0,3.08794738985409,9.92348017196562,21801.6947838743,110.494559944032,TRUE,FALSE,FALSE,FALSE,FALSE,FALSE,FALSE,FALSE,"certified_positive"
1.4025,1.405,0,3.12690468371022,10.0626340417671,22447.2448616863,112.032302574408,TRUE,FALSE,FALSE,FALSE,FALSE,FALSE,FALSE,FALSE,"certified_positive"
1.405,1.4075,0,3.16636093150166,10.2037734633708,23112.0252890553,113.591781212749,TRUE,FALSE,FALSE,FALSE,FALSE,FALSE,FALSE,FALSE,"certified_positive"
1.4075,1.41,0,3.20632259228566,10.3469271479763,23796.6118934835,115.17330706219,TRUE,FALSE,FALSE,FALSE,FALSE,FALSE,FALSE,FALSE,"certified_positive"
1.41,1.4125,0,3.24679620929278,10.4921242262728,24501.5978223109,116.777195829166,TRUE,FALSE,FALSE,FALSE,FALSE,FALSE,FALSE,FALSE,"certified_positive"
1.4125,1.415,0,3.28778841102738,10.6393942546188,25227.5940657039,118.403767789156,TRUE,FALSE,FALSE,FALSE,FALSE,FALSE,FALSE,FALSE,"certified_positive"
1.415,1.4175,0,3.32930591238217,10.7887672213132,25975.2299954897,120.053347853401,TRUE,FALSE,FALSE,FALSE,FALSE,FALSE,FALSE,FALSE,"certified_positive"
1.4175,1.42,0,3.37135551576769,10.9402735529596,26745.1539203201,121.726265636601,TRUE,FALSE,FALSE,FALSE,FALSE,FALSE,FALSE,FALSE,"certified_positive"
1.42,1.4225,0,3.41394411225634,11.093944120925,27538.0336576578,123.422855525606,TRUE,FALSE,FALSE,FALSE,FALSE,FALSE,FALSE,FALSE,"certified_positive"
1.4225,1.425,0,3.45707868274143,11.2498102478943,28354.5571230999,125.143456749121,TRUE,FALSE,FALSE,FALSE,FALSE,FALSE,FALSE,FALSE,"certified_positive"
1.425,1.4275,0,3.50076629911126,11.4079037145217,29195.4329375622,126.888413448437,TRUE,FALSE,FALSE,FALSE,FALSE,FALSE,FALSE,FALSE,"certified_positive"
1.4275,1.43,0,3.54501412543879,11.5682567661815,30061.3910528711,128.658074749199,TRUE,FALSE,FALSE,FALSE,FALSE,FALSE,FALSE,FALSE,"certified_positive"
1.43,1.4325,0,3.58982941918661,11.7309021198181,30953.1833963194,130.452794834235,TRUE,FALSE,FALSE,FALSE,FALSE,FALSE,FALSE,FALSE,"certified_positive"
1.4325,1.435,0,3.63521953242784,11.8958729708986,31871.5845347647,132.27293301745,TRUE,FALSE,FALSE,FALSE,FALSE,FALSE,FALSE,FALSE,"certified_positive"
1.435,1.4375,0,3.68119191308277,12.0632030004679,32817.3923588628,134.118853818821,TRUE,FALSE,FALSE,FALSE,FALSE,FALSE,FALSE,FALSE,"certified_positive"
1.4375,1.44,0,3.72775410617192,12.2329263823087,33791.4287880515,135.990927040479,TRUE,FALSE,FALSE,FALSE,FALSE,FALSE,FALSE,FALSE,"certified_positive"
1.44,1.4425,0,3.77491375508526,12.405077790208,34794.5404969121,137.889527843925,TRUE,FALSE,FALSE,FALSE,FALSE,FALSE,FALSE,FALSE,"certified_positive"
1.4425,1.445,0,3.82267860286821,12.579692405331,35827.5996635616,139.815036828377,TRUE,FALSE,FALSE,FALSE,FALSE,FALSE,FALSE,FALSE,"certified_positive"
1.445,1.4475,0,3.87105649352412,12.7568059237049,36891.5047407441,141.76784011027,TRUE,FALSE,FALSE,FALSE,FALSE,FALSE,FALSE,FALSE,"certified_positive"
1.4475,1.45,0,3.92005537333418,12.9364545638135,37987.1812503135,143.74832940393,TRUE,FALSE,FALSE,FALSE,FALSE,FALSE,FALSE,FALSE,"certified_positive"
1.45,1.4525,0,3.96968329219422,13.1186750743046,39115.5826018174,145.756902103436,TRUE,FALSE,FALSE,FALSE,FALSE,FALSE,FALSE,FALSE,"certified_positive"
1.4525,1.455,0,4.01994840496927,13.303504741812,40277.6909359165,147.793961365681,TRUE,FALSE,FALSE,FALSE,FALSE,FALSE,FALSE,FALSE,"certified_positive"
1.455,1.4575,0,4.07085897286545,13.4909813988934,41474.5179933944,149.859916194671,TRUE,FALSE,FALSE,FALSE,FALSE,FALSE,FALSE,FALSE,"certified_positive"
1.4575,1.46,0,4.12242336482017,13.6811434320864,42707.1060105382,151.955181527049,TRUE,FALSE,FALSE,FALSE,FALSE,FALSE,FALSE,FALSE,"certified_positive"
1.46,1.4625,0,4.1746500589102,13.8740297900842,43976.5286416905,154.080178318892,TRUE,FALSE,FALSE,FALSE,FALSE,FALSE,FALSE,FALSE,"certified_positive"
1.4625,1.465,0,4.22754764377839,14.069679992032,45283.8919097999,156.235333633782,TRUE,FALSE,FALSE,FALSE,FALSE,FALSE,FALSE,FALSE,"certified_positive"
1.465,1.4675,0,4.28112482007859,14.2681341359478,46630.3351858232,158.421080732171,TRUE,FALSE,FALSE,FALSE,FALSE,FALSE,FALSE,FALSE,"certified_positive"
1.4675,1.47,0,4.33539040194,14.4694329072675,48017.0321978577,160.637859162076,TRUE,FALSE,FALSE,FALSE,FALSE,FALSE,FALSE,FALSE,"certified_positive"
1.47,1.4725,0,4.39035331845022,14.6736175875168,49445.1920709064,162.886114851092,TRUE,FALSE,FALSE,FALSE,FALSE,FALSE,FALSE,FALSE,"certified_positive"
1.4725,1.475,0,4.44602261515781,14.8807300631128,50916.0603982117,165.166300199778,TRUE,FALSE,FALSE,FALSE,FALSE,FALSE,FALSE,FALSE,"certified_positive"
1.475,1.4775,0,4.50240745559456,15.0908128342953,52430.9203451163,167.478874176414,TRUE,FALSE,FALSE,FALSE,FALSE,FALSE,FALSE,FALSE,"certified_positive"
1.4775,1.48,0,4.55951712281735,15.3039090241916,53991.0937864414,169.824302413147,TRUE,FALSE,FALSE,FALSE,FALSE,FALSE,FALSE,FALSE,"certified_positive"
1.48,1.4825,0,4.61736102097052,15.5200623880156,55597.9424784068,172.203057303572,TRUE,FALSE,FALSE,FALSE,FALSE,FALSE,FALSE,FALSE,"certified_positive"
1.4825,1.485,0,4.67594867686834,15.7393173224041,57252.8692661395,174.615618101733,TRUE,FALSE,FALSE,FALSE,FALSE,FALSE,FALSE,FALSE,"certified_positive"
1.485,1.4875,0,4.73528974159835,15.9617188748908,58957.3193278578,177.062471022598,TRUE,FALSE,FALSE,FALSE,FALSE,FALSE,FALSE,FALSE,"certified_positive"
1.4875,1.49,0,4.79539399214529,16.1873127535224,60712.7814568461,179.544109344009,TRUE,FALSE,FALSE,FALSE,FALSE,FALSE,FALSE,FALSE,"certified_positive"
1.49,1.4925,0,4.85627133303675,16.4161453366169,62520.7893823749,182.06103351014,TRUE,FALSE,FALSE,FALSE,FALSE,FALSE,FALSE,FALSE,"certified_positive"
1.4925,1.495,0,4.91793179800978,16.6482636826671,64382.9231307466,184.613751236473,TRUE,FALSE,FALSE,FALSE,FALSE,FALSE,FALSE,FALSE,"certified_positive"
1.495,1.4975,0,4.98038555169969,16.8837155403911,66300.8104276961,187.202777616334,TRUE,FALSE,FALSE,FALSE,FALSE,FALSE,FALSE,FALSE,"certified_positive"
1.4975,1.5,0,5.04364289135041,17.1225493589328,68276.1281433981,189.828635228994,TRUE,FALSE,FALSE,FALSE,FALSE,FALSE,FALSE,FALSE,"certified_positive"
