"order","moment_x","moment_y","delta_hat","variance_hat","standard_error","critical_value","half_width","lower","upper","studentized","sign_status"
0.25,0.0176038485852961,0.0379742290226034,0.0203703804373072,0.0877620398536079,0.00287020089315294,2.22823852982312,0.0063954922184561,0.0139748882188511,0.0267658726557634,7.09719674532267,"positive"
0.255,0.0180111278310026,0.0388449773266125,0.0208338494956099,0.0920226327449546,0.00293904521781355,2.22823852982312,0.00654889379522453,0.0142849557003854,0.0273827432908345,7.08864544490026,"positive"
0.26,0.0184281299732406,0.0397364830511283,0.0213083530778877,0.0964974341632709,0.00300965575412345,2.22823852982312,0.00670623091284173,0.0146021221650459,0.0280145839907294,7.07999678989653,"positive"
0.265,0.0188550940173486,0.0406492592274578,0.0217941652101092,0.101197555588261,0.00308208031662395,2.22823852982312,0.00686761011351092,0.0149265550965983,0.0286617753236201,7.07125154803951,"positive"
0.27,0.0192922650033251,0.0415838319824463,0.0222915669791212,0.106134700750461,0.00315636806445468,2.22823852982312,0.00703314093552113,0.0152584260436001,0.0293247079146424,7.06241050597264,"positive"
0.275,0.0197398941619294,0.0425407408822165,0.0228008467202871,0.1113211979405,0.00323256954012179,2.22823852982312,0.00720293599963197,0.0155979107206551,0.030003782719919,7.05347446892914,"positive"
0.28,0.0201982390749087,0.043520539285146,0.0233223002102373,0.11677003411597,0.00331073670940272,2.22823852982312,0.00737711109799095,0.0159451891122463,0.0306994113082282,7.04444426039688,"positive"
0.285,0.0206675638394623,0.0445237947043377,0.0238562308648754,0.122494890907601,0.00339092300242137,2.22823852982312,0.00755578528565879,0.0163004455792166,0.0314120161505342,7.03532072177406,"positive"
0.29,0.0211481392370578,0.0455510891798418,0.024402949942784,0.128510182632268,0.00347318335592836,2.22823852982312,0.00773908097481992,0.0166638689679641,0.0321420309176039,7.02610471201606,"positive"
0.295,0.0216402429067169,0.0466030196608983,0.0249627767541814,0.134831096426542,0.00355757425682225,2.22823852982312,0.00792712403175818,0.0170356527224233,0.0328899007859396,7.01679710727362,"positive"
0.3,0.0221441595228899,0.0476801983984741,0.0255360388755842,0.141473634620987,0.00364415378694858,2.22823852982312,0.00812004387667965,0.0174159949989046,0.0336560827522639,7.00739880052283,"positive"
0.305,0.0226601809780449,0.0487832533483782,0.0261230723703333,0.148454659482386,0.00373298166921466,2.22823852982312,0.00831797358646751,0.0178050987838657,0.0344410459568008,6.99791070118729,"positive"
0.31,0.0231886065700974,0.0499128285852452,0.0267242220151478,0.155791940458319,0.0038241193150593,2.22823852982312,0.00852105000045591,0.0182031720146919,0.0352452720156037,6.98833373475257,"positive"
0.315,0.0237297431948118,0.0510695847276863,0.0273398415328745,0.163504204066307,0.00391762987331776,2.22823852982312,0.00872941382931268,0.0186104277035618,0.0360692553621871,6.97866884237355,"positive"
0.32,0.0242839055433092,0.0522541993749141,0.0279702938316049,0.171611186577912,0.00401357828052344,2.22823852982312,0.00894320976712354,0.0190270840644813,0.0369135035987284,6.96891698047486,"positive"
0.325,0.0248514163048192,0.0534673675551577,0.0286159512503384,0.180133689656828,0.00411203131268904,2.22823852982312,0.00916258660677285,0.0194533646435656,0.0377785378571113,6.95907912034483,"positive"
0.33,0.0254326063748183,0.054709802186192,0.0292771958113737,0.189093639119207,0.00421305763861126,2.22823852982312,0.0093876973587192,0.0198894984526545,0.0386648931700929,6.94915624772328,"positive"
0.335,0.0260278150686999,0.0559822345483158,0.0299544194796158,0.198514146994138,0.0043167278747444,2.22823852982312,0.00961869937326694,0.0203357201063489,0.0395731188528828,6.93914936238353,"positive"
0.34,0.0266373903411264,0.0572854147701195,0.0306480244289931,0.208419577072494,0.00442311464168964,2.22823852982312,0.00985575446643763,0.0207922699625555,0.0405037788954307,6.92905947770901,"positive"
0.345,0.0272616890112168,0.058620112327398,0.0313584233161813,0.21883561414322,0.00453229262234801,2.22823852982312,0.0100990290495489,0.0212593942666323,0.0414574523657302,6.91888762026482,"positive"
0.35,0.0279010769937282,0.059987116555568,0.0320860395618398,0.229789337127654,0.00464433862178681,2.22823852982312,0.010348694262611,0.0217373452992288,0.0424347338244507,6.90863482936466,"positive"
0.355,0.0285559295363943,0.0613872371759644,0.0328313076395701,0.241309296334639,0.00475933162887039,2.22823852982312,0.0106049261116548,0.0222263815279153,0.0434362337512249,6.89830215663339,"positive"
0.36,0.0292266314635865,0.0628213048363982,0.0335946733728117,0.253425595072102,0.00487735287970809,2.22823852982312,0.0108679056101093,0.0227267677627024,0.044462578982921,6.88789066556578,"positive"
0.365,0.0299135774264709,0.0642901716663691,0.0343765942398982,0.266169975864396,0.00499848592297331,2.22823852982312,0.0111378189243476,0.0232387753155506,0.0455144131642458,6.87740143108166,"positive"
0.37,0.0306171721598365,0.0657947118473383,0.0351775396875018,0.279575911539167,0.00512281668714981,2.22823852982312,0.011414857523528,0.0237626821639738,0.0465923972110298,6.86683553907793,"positive"
0.375,0.0313378307457757,0.0673358221984765,0.0359979914527008,0.293678701462787,0.00525043354976246,2.22823852982312,0.0116992183338567,0.0242987731188441,0.0476972097865575,6.85619408597779,"positive"
0.38,0.0320759788844045,0.0689144227783167,0.0368384438939122,0.308515573219598,0.00538142740865202,2.22823852982312,0.0119911038974046,0.0248473399965076,0.0488295477913168,6.84547817827757,"positive"
0.385,0.0328320531718123,0.0705314575027493,0.037699404330937,0.324125790047338,0.00551589175535459,2.22823852982312,0.0122907225356148,0.0254086817953222,0.0499901268665517,6.83468893209154,"positive"
0.39,0.0336065013854395,0.0721878947798139,0.0385813933943744,0.340550764359253,0.00565392275064903,2.22823852982312,0.0125982885176397,0.0259831048767348,0.0511796819120141,6.82382747269506,"positive"
0.395,0.034399782777083,0.0738847281617504,0.0394849453846674,0.357834177702638,0.00579561930233671,2.22823852982312,0.0129140222336532,0.0265709231510141,0.0523989676183206,6.81289493406643,"positive"
0.4,0.0352123683737398,0.0756229770147891,0.0404106086410493,0.376022107523855,0.00594108314532063,2.22823852982312,0.0132381503732861,0.0271724582677632,0.0536487590143354,6.80189245842787,"positive"
0.405,0.0360447412865,0.0774036872071705,0.0413589459206705,0.395163161131412,0.00609041892405238,2.22823852982312,0.0135709061093374,0.0277880398113332,0.0549298520300079,6.79082119578591,"positive"
0.41,0.0368973970277093,0.0792279318158991,0.0423305347881899,0.415308617271501,0.00624373427741801,2.22823852982312,0.0139125292869201,0.0284180055012698,0.05624306407511,6.77968230347159,"positive"
0.415,0.0377708438366272,0.0810968118527522,0.0433259680161249,0.43651257575449,0.00640113992613543,2.22823852982312,0.0142632666182041,0.0290627013979209,0.057589234634329,6.76847694568086,"positive"
0.42,0.0386656030138112,0.0830114570100755,0.0443458539962643,0.458832115596471,0.00656274976273879,2.22823852982312,0.0146233718829221,0.0297224821133422,0.0589692258791864,6.75720629301547,"positive"
0.425,0.0395822092644658,0.0849730264269174,0.0453908171624516,0.482327462166963,0.00672868094422702,2.22823852982312,0.0149931061348132,0.0303977110276384,0.0603839232972649,6.74587152202475,"positive"
0.43,0.0405212110510011,0.0869827094760629,0.0464614984250618,0.507062163862582,0.00689905398745641,2.22823852982312,0.0153727379141802,0.0310887605108816,0.061834236339242,6.73447381474856,"positive"
0.435,0.0414831709550526,0.0890417265725507,0.0475585556174981,0.533103278856789,0.00707399286735923,2.22823852982312,0.0157625434667438,0.0317960121507543,0.0633210990842418,6.72301435826185,"positive"
0.44,0.0424686660492193,0.0911513300042675,0.0486826639550483,0.560521572507953,0.00725362511807324,2.22823852982312,0.0161628069689836,0.0325198569860647,0.0648454709240318,6.71149434422104,"positive"
0.445,0.0434782882787876,0.0933128047852356,0.049834516506448,0.589391726042037,0.00743808193706901,2.22823852982312,0.0165738207601585,0.0332606957462895,0.0664083372666066,6.69991496841259,"positive"
0.45,0.0445126448537131,0.0955274695322219,0.0510148246785087,0.619792557162173,0.00762749829236508,2.22823852982312,0.0169958855812079,0.0340189390973008,0.0680107102597167,6.68827743030414,"positive"
0.455,0.0455723586511404,0.0977966773653189,0.0522243187141786,0.651807253275608,0.00782201303292337,2.22823852982312,0.0174293108207384,0.0347950078934401,0.069653629534917,6.67658293259842,"positive"
0.46,0.0466580686287498,0.100121816833164,0.0534637482044145,0.685523618068879,0.00802176900232022,2.22823852982312,0.0178744147683107,0.0355893334361038,0.0713381629727252,6.66483268079032,"positive"
0.465,0.0477704302492279,0.102504312863483,0.0547338826142555,0.721034332204879,0.00822691315579125,2.22823852982312,0.0183315248752428,0.0364023577390127,0.0730654074894982,6.65302788272733,"positive"
0.47,0.0489101159161649,0.104945627739661,0.0560355118234962,0.758437228960802,0.00843759668075117,2.22823852982312,0.0188009780231574,0.0372345338003388,0.0748364898466536,6.64116974817378,"positive"
0.475,0.0500778154216939,0.107447262104068,0.0573694466823744,0.797835585673959,0.00865397512089288,2.22823852982312,0.0192831208005042,0.0380863258818702,0.0766525674828786,6.62925948837893,"positive"
0.48,0.0512742364061921,0.110010755988887,0.0587365195826945,0.839338431913294,0.00887620850397311,2.22823852982312,0.0197783097872965,0.038958209795398,0.078514829369991,6.61729831564944,"positive"
0.485,0.052500104830376,0.1126376898752,0.0601375850448241,0.883060875348289,0.00910446147339533,2.22823852982312,0.0202869118483096,0.0398506731965145,0.0804244968931337,6.60528744292626,"positive"
0.49,0.0537561654601297,0.11532968578114,0.0615735203210103,0.929124446343995,0.00933890342370387,2.22823852982312,0.020809304434994,0.0407642158860163,0.0823828247560043,6.59322808336633,"positive"
0.495,0.0550431823644162,0.118088408379895,0.063045226015479,0.977657462371314,0.00957970864010669,2.22823852982312,0.0213458758963651,0.0416993501191139,0.0843911019118442,6.58112144992928,"positive"
0.5,0.0563619394266307,0.12091556614842,0.064553626721789,1.02879541338569,0.00982705644214771,2.22823852982312,0.02189702579914,0.0426566009226489,0.086450652520929,6.56896875496939,"positive"
0.505,0.0577132408697651,0.123812912547695,0.0660996716779304,1.08268136939516,0.0100811313316535,2.22823852982312,0.0224631652573973,0.0436365064205331,0.0885628369353276,6.55677120983296,"positive"
0.51,0.0590979117957631,0.126782247235432,0.0676843354396687,1.13946641151044,0.0103421231450823,2.22823852982312,0.0230447172720479,0.0446396181676208,0.0907290527117166,6.54453002446142,"positive"
0.515,0.0605167987394562,0.129825417312106,0.0693086185726503,1.19931008784601,0.0106102272104089,2.22823852982312,0.0236421170804108,0.0456665014922395,0.092950735653061,6.5322464070003,"positive"
0.52,0.0619707702374813,0.132944318601282,0.0709735483638003,1.26238089572147,0.0108856445086793,2.22823852982312,0.0242558125161966,0.0467177358476038,0.0952293608799969,6.5199215634143,"positive"
0.525,0.0634607174125921,0.136140896965152,0.0726801795525599,1.32885679169795,0.0111685818403784,2.22823852982312,0.0248862643802139,0.047793915172346,0.0975664439327738,6.50755669710861,"positive"
0.53,0.0649875545737879,0.139417149656311,0.0744295950825233,1.398925731075,0.0114592519967536,2.22823852982312,0.0255339468221189,0.0488956482604044,0.0999635419046422,6.49515300855668,"positive"
0.535,0.0665522198326953,0.142775126706749,0.0762229068740535,1.47278623856867,0.0117578739362436,2.22823852982312,0.026199347733541,0.0500235591405125,0.102422254607595,6.48271169493464,"positive"
0.54,0.068155675736651,0.146216932355122,0.0780612566184711,1.55064801199368,0.0120646729661665,2.22823852982312,0.0268829691529274,0.0511782874655436,0.104944225771399,6.47023394976242,"positive"
0.545,0.0697989099189443,0.149744726513371,0.0799458165944268,1.63273256087956,0.0123798809298249,2.22823852982312,0.0275853276824583,0.0523604889119684,0.107531144276885,6.45772096255189,"positive"
0.55,0.0714829357666947,0.153360726273783,0.081877790507088,1.71927388206497,0.012703736399192,2.22823852982312,0.0283069549173959,0.0535708355896921,0.110184745424484,6.44517391846197,"positive"
0.555,0.0732087931068481,0.157067207457633,0.0838584143507853,1.8105191744348,0.0130364848733446,2.22823852982312,0.0290483978882426,0.0548100164625427,0.112906812239028,6.43259399796097,"positive"
0.56,0.0749775489107943,0.16086650620658,0.0858889572957853,1.90672959509311,0.0133783789828189,2.22823852982312,0.029810219516093,0.0560787377796923,0.115699176811878,6.41998237649624,"positive"
0.565,0.0767902980181172,0.164761020617991,0.0879707225998741,2.0081810593998,0.0137296787000651,2.22823852982312,0.0305929990815769,0.0573777235182972,0.118563721681451,6.40734022417121,"positive"
0.57,0.0786481638800076,0.168753212425465,0.090105048545457,2.1151650874432,0.0140906515561853,2.22823852982312,0.0313973327078043,0.0587077158376528,0.121502381253261,6.39466870543001,"positive"
0.575,0.0805522993228808,0.172845608725778,0.0922933094028969,2.22798969967241,0.0144615728641445,2.22823852982312,0.0322238338577312,0.0600694755451657,0.124517143260628,6.38196897874959,"positive"
0.58,0.0825038873327578,0.177040803753597,0.0945369164208392,2.34698036457492,0.0148427259486487,2.22823852982312,0.0330731338463845,0.0614637825744547,0.127610050267224,6.36924219633966,"positive"
0.585,0.0845041418609832,0.181341460705272,0.0968373188442885,2.47248100145562,0.0152344023828925,2.22823852982312,0.0339458823683902,0.0628914364758983,0.130783201212679,6.35648950385032,"positive"
0.59,0.0865543086518716,0.1857503136131,0.0991960049612279,2.60485504155442,0.0156369022323813,2.22823852982312,0.034842748041269,0.0643532569199589,0.134038753002497,6.34371204008749,"positive"
0.595,0.0886556660928859,0.190270169271475,0.101614503178589,2.74448655093182,0.0160505343060431,2.22823852982312,0.0357644189649729,0.0658500842136165,0.137378922143562,6.33091093673632,"positive"
0.6,0.0908095260879754,0.19490390921639,0.104094383128415,2.89178141875483,0.0164756164148493,2.22823852982312,0.0367116032981534,0.0673827798302611,0.140805986426568,6.31808731809242,"positive"
0.605,0.0930172349547101,0.19965449175977,0.10663725680506,3.04716861483125,0.0169124756381703,2.22823852982312,0.0376850298516658,0.0689522269533945,0.144322286656726,6.30524230080116,"positive"
0.61,0.0952801743458747,0.204524954080212,0.109244779734338,3.21110152046882,0.0173614485980999,2.22823852982312,0.0386854486998297,0.070559331034508,0.147930228434167,6.2923769936049,"positive"
0.615,0.097599762196196,0.209518414371685,0.111918652175489,3.38405933697759,0.017822881741989,2.22823852982312,0.0397136318099808,0.072205020365508,0.15163228398547,6.27949249709824,"positive"
0.62,0.0999774536949038,0.214638074051844,0.11466062035694,3.5665485763905,0.0182971316334357,2.22823852982312,0.0407703736908668,0.0738902466660735,0.155430994047807,6.26658990349135,"positive"
0.625,0.102414742284839,0.219887220031633,0.117472477746794,3.75910463924893,0.0187845652519881,2.22823852982312,0.0418564920604564,0.075615985686338,0.159328969807251,6.2536702963813,"positive"
0.63,0.104913160688846,0.225269227047894,0.120356066359048,3.96229348458834,0.0192855603018217,2.22823852982312,0.0429728285337462,0.0773832378253019,0.163328894892794,6.24073475053144,"positive"
0.635,0.107474281964208,0.230787560060766,0.123313278096557,4.1767133975641,0.0198005055296628,2.22823852982312,0.0441202493311705,0.079193028765387,0.167433527427728,6.22778433165879,"positive"
0.64,0.110099720585901,0.2364457767177,0.126346056131798,4.40299686048174,0.0203298010522385,2.22823852982312,0.0452996460082363,0.0810464101235619,0.171645702140034,6.21482009622945,"positive"
0.645,0.11279113355947,0.242247529885967,0.129456396326497,4.64181253333859,0.0208738586935378,2.22823852982312,0.0465119362070241,0.0829444601194731,0.175968332533521,6.20184309126204,"positive"
0.65,0.115550221564343,0.248196570255589,0.132646348691246,4.89386735034767,0.0214331023321844,2.22823852982312,0.0477580644302149,0.084888284261031,0.180404413121461,6.188854354139,"positive"
0.655,0.118378730128443,0.254296749014681,0.135918018886238,5.15990873929998,0.0220079682592233,2.22823852982312,0.0490390028383255,0.0868790160479123,0.184957021724563,6.17585491242592,"positive"
0.66,0.121278450834954,0.260552020599255,0.139273569764301,5.44072697102985,0.0225989055466378,2.22823852982312,0.0503557520708517,0.0889178176934492,0.189629321835153,6.16284578369866,"positive"
0.665,0.124251222562137,0.266966445519575,0.142715222957438,5.73715764668146,0.0232063764269208,2.22823852982312,0.0517093420920438,0.0910058808653937,0.194424565049481,6.14982797537833,"positive"
0.67,0.127298932757127,0.273544193265237,0.14624526050811,6.05008433093321,0.0238308566840343,2.22823852982312,0.0531008330620579,0.0931444274460524,0.199346093570168,6.13680248457409,"positive"
0.675,0.130423518744641,0.280289545291197,0.149866026546556,6.38044133982372,0.0244728360561023,2.22823852982312,0.0545313162342516,0.0953347103123048,0.204397342780808,6.12377029793354,"positive"
0.68,0.133626969071585,0.287206898087027,0.153579929015442,6.72921669233872,0.0251328186501913,2.22823852982312,0.0560019148794134,0.0975780141360289,0.209581843894856,6.1107323915009,"positive"
0.685,0.136911324888543,0.29430076633176,0.157389441443217,7.0974552354656,0.0258113233695441,2.22823852982312,0.057513785237742,0.0998756562054754,0.214903226680959,6.09768973058267,"positive"
0.69,0.140278681369191,0.301575786136745,0.161297104767554,7.48626195300101,0.0265088843536438,2.22823852982312,0.0590681174994142,0.10222898726814,0.220365222266968,6.08464326962078,"positive"
0.695,0.143731189168681,0.309036718378994,0.165305529210313,7.8968054690131,0.0272260514314971,2.22823852982312,0.0606661368146077,0.104639392395705,0.22597166602492,6.07159395207324,"positive"
0.7,0.147271055922095,0.316688452127595,0.1694173962055,8.33032175750983,0.0279633905885354,2.22823852982312,0.0623091043338676,0.107108291871632,0.231726500539367,6.05854271030204,"positive"
0.705,0.150900547784068,0.324536008165811,0.173635460381743,8.78811807055708,0.0287214844475471,2.22823852982312,0.06399831827974,0.109637142102003,0.237633778661483,6.04549046546832,"positive"
0.71,0.154621991010748,0.332584542611588,0.17796255160084,9.27157709782148,0.0295009327640662,2.22823852982312,0.0657351150506135,0.112227436550227,0.243697666651454,6.0324381274347,"positive"
0.715,0.158437773585264,0.340839350639254,0.18240157705399,9.78216137129019,0.0303023529366533,2.22823852982312,0.0675208703577495,0.11488070669624,0.249922447411739,6.01938659467462,"positive"
0.72,0.162350346887919,0.349305870305272,0.186955523417352,10.3214179297422,0.0311263805325223,2.22823852982312,0.0693570003965024,0.11759852302085,0.256312523813855,6.00633675418871,"positive"
0.725,0.166362227412358,0.357989686481009,0.191627459068651,10.8909832584198,0.0319736698289763,2.22823852982312,0.0712449630527679,0.120382496015883,0.262872422121418,5.99328948142785,"positive"
0.73,0.170475998528994,0.366896534895543,0.196420536366549,11.4925885202722,0.0328448943711315,2.22823852982312,0.0731862591457256,0.123234277220824,0.269606795512275,5.98024564022316,"positive"
0.735,0.174694312297017,0.37603230629164,0.201337993994624,12.1280650961269,0.0337407475464239,2.22823852982312,0.0751824337079765,0.126155560286647,0.2765204277026,5.96720608272246,"positive"
0.74,0.179019891326342,0.385403050698102,0.20638315937176,12.7993504521828,0.0346619431764062,2.22823852982312,0.0772350773042077,0.129148082067553,0.283618236675968,5.95417164933332,"positive"
0.745,0.183455530690894,0.395014981821798,0.211559451130904,13.5084943543236,0.0356092161263599,2.22823852982312,0.0793458273895538,0.13221362374135,0.290905278520458,5.94114316867246,"positive"
0.75,0.18800409989466,0.404874481562769,0.216870381668109,14.2576654499171,0.0365833229332623,2.22823852982312,0.0815163697088567,0.135354011959253,0.298386751376966,5.92812145752146,"positive"
0.755,0.192668544892003,0.414988104655914,0.222319559763911,15.049158239011,0.0375850424526651,2.22823852982312,0.083748439738066,0.138571120025845,0.306067999501977,5.91510732078862,"positive"
0.76,0.197451890163734,0.425362583442833,0.227910693279099,15.8854004581448,0.0386151765250584,2.22823852982312,0.0860438241690564,0.141866869110043,0.313954517448155,5.90210155147683,"positive"
0.765,0.202357240850522,0.43600483277755,0.233647591927028,16.7689609013977,0.0396745506623106,2.22823852982312,0.0884043624391797,0.145243229487848,0.322051954366208,5.88910493065736,"positive"
0.77,0.207387784945246,0.446921955069908,0.239534170124661,17.7025577047668,0.0407640147547935,2.22823852982312,0.0908319483069089,0.148702221817752,0.33036611843157,5.87611822744948,"positive"
0.775,0.212546795545931,0.458121245470543,0.245574449924613,18.6890671215405,0.0418844437998214,2.22823852982312,0.0933285314749729,0.15224591844964,0.338902981399586,5.86314219900564,"positive"
0.78,0.217837633170977,0.469610197201495,0.251772564030518,19.7315328179941,0.0430367386520486,2.22823852982312,0.0958961192624225,0.155876444768095,0.34766868329294,5.85017759050228,"positive"
0.785,0.223263748138434,0.48139650703656,0.258132758898126,20.833175720498,0.0442218267964943,2.22823852982312,0.0985367783271131,0.159595980571013,0.356669537225239,5.83722513513596,"positive"
0.79,0.228828683011098,0.493488080935677,0.264659397924579,21.997404446999,0.0454406631448804,2.22823852982312,0.101252636440136,0.163406761484443,0.365912034364714,5.82428555412481,"positive"
0.795,0.234536075109305,0.505893039837723,0.271356964728417,23.2278263578187,0.0466942308559898,2.22823852982312,0.104045884313772,0.167311080414645,0.375402849042189,5.81135955671509,"positive"
0.8,0.240389659093302,0.518619725616225,0.278230066522923,24.528259262816,0.0479835421807766,2.22823852982312,0.106918777484599,0.171311289038324,0.385148844007523,5.79844784019278,"positive"
0.805,0.246393269617155,0.531676707202638,0.285283437585483,25.9027438241909,0.0493096393329772,2.22823852982312,0.109873638253421,0.175409799332062,0.395157075838904,5.78555108990001,"positive"
0.81,0.252550844056218,0.545072786881954,0.292521942825737,27.3555566965736,0.050673595385999,2.22823852982312,0.11291285768375,0.179609085141987,0.405434800509487,5.77266997925629,"positive"
0.815,0.258866425310209,0.558817006765574,0.299950581455365,28.8912244485502,0.0520765151968844,2.22823852982312,0.116038897660617,0.183911683794748,0.415989479115982,5.75980516978428,"positive"
0.82,0.265344164684037,0.572918655446467,0.30757449076243,30.5145383124381,0.0535195363581726,2.22823852982312,0.119254293011549,0.188320197750881,0.426828783773979,5.74695731114013,"positive"
0.825,0.271988324848558,0.587387274841852,0.315398949993293,32.2305698119463,0.055003830178507,2.22823852982312,0.122561653691597,0.192837296301697,0.43796060368489,5.73412704114808,"positive"
0.83,0.278803282883513,0.602232667228716,0.323429384345203,34.044687320349,0.0565306026928626,2.22823852982312,0.125963667034359,0.197465717310844,0.449393051379562,5.72131498583932,"positive"
0.835,0.285793533404963,0.617464902477712,0.33167136907275,35.9625736049744,0.0581010957032935,2.22823852982312,0.129463100071019,0.202208269001731,0.461134469143769,5.70852175949496,"positive"
0.84,0.292963691779594,0.633094325491057,0.340130633711463,37.9902444171801,0.0597165878511269,2.22823852982312,0.133062801919448,0.207067831792015,0.473193435630911,5.69574796469293,"positive"
0.845,0.300318497428353,0.649131563850292,0.348813066421939,40.1340681905551,0.0613783957215633,2.22823852982312,0.136765706245518,0.212047360176421,0.485578772667457,5.68299419235871,"positive"
0.85,0.307862817221909,0.66558753567988,0.357724718457971,42.4007869138797,0.063087874981665,2.22823852982312,0.14057483379881,0.217149884659161,0.498299552256781,5.67026102181973,"positive"
0.855,0.315601648970559,0.682473457732818,0.366871808762259,44.7975382493894,0.0648464215527501,2.22823852982312,0.14449329502499,0.222378513737269,0.511365103787249,5.65754902086343,"positive"
0.86,0.323540125011211,0.699800853704594,0.376260728693383,47.3318789711534,0.0666554728182391,2.22823852982312,0.148524292757178,0.227736435936205,0.524785021450561,5.64485874579868,"positive"
0.865,0.331683515894205,0.717581562782043,0.385898046887838,50.011809802899,0.0685165088680314,2.22823852982312,0.152671124988715,0.233226921899123,0.538569171876553,5.63219074152056,"positive"
0.87,0.340037234172779,0.735827748433791,0.395790514261012,52.8458017394063,0.0704310537805247,2.22823852982312,0.156937187729809,0.238853326531203,0.552727701990821,5.61954554157834,"positive"
0.875,0.348606838298084,0.754551907449225,0.405945069151141,55.8428239406887,0.072400676943422,2.22823852982312,0.161325977950609,0.244619091200532,0.56727104710175,5.6069236682465,"positive"
0.88,0.357398036622714,0.773766879233076,0.416368842610362,59.0123732935651,0.0744269944145073,2.22823852982312,0.165841096613335,0.250527745997027,0.582209939223697,5.59432563259874,"positive"
0.885,0.36641669151584,0.793485855362951,0.427069163847111,62.3645057409608,0.0765116703236071,2.22823852982312,0.170486251796185,0.256582912050926,0.597555415643297,5.58175193458483,"positive"
0.89,0.375668823593076,0.813722389417331,0.438053565824255,65.9098694853382,0.0786564183169908,2.22823852982312,0.175265261911804,0.262788303912451,0.613318827736059,5.5692030631101,"positive"
0.895,0.385160616064345,0.83449040708179,0.449329791017445,69.6597401791078,0.0808630030455031,2.22823852982312,0.180182059023194,0.269147731994251,0.629511850040639,5.55667949611764,"positive"
0.9,0.394898419203057,0.855804216541392,0.460905797338335,73.6260582216964,0.0831332416977602,2.22823852982312,0.185240692260047,0.275665105078288,0.646146489598382,5.54418170067285,"positive"
0.905,0.40488875494005,0.877678519167483,0.472789764227433,77.8214682902037,0.0854690055797825,2.22823852982312,0.190445331338538,0.282344432888895,0.663235095565971,5.5317101330505,"positive"
0.91,0.415138321585812,0.9001284205073,0.484990098921488,82.259361238266,0.0878722217424781,2.22823852982312,0.19580027018775,0.289189828733738,0.680790369109238,5.51926523882393,"positive"
0.915,0.425653998684627,0.923169441585101,0.497515442900474,86.9539185059051,0.0903448746584353,2.22823852982312,0.201309930685966,0.296205512214508,0.698825373586439,5.50684745295645,"positive"
0.92,0.436442852004357,0.946817530523716,0.510374678519359,91.9201591917964,0.0928890079495271,2.22823852982312,0.206978866510182,0.303395812009176,0.717353545029541,5.49445719989473,"positive"
0.925,0.447512138665734,0.971089074495753,0.523576935830018,97.1739899485714,0.0955067261668756,2.22823852982312,0.212811767102298,0.31076516872772,0.736388702932316,5.48209489366425,"positive"
0.93,0.458869312415087,0.996000912013884,0.537131599598797,102.732257871514,0.0982001966247725,2.22823852982312,0.218813461755524,0.318318137843273,0.755945061354321,5.46976093796636,"positive"
0.935,0.470522029044581,1.02157034556996,0.551048316525382,108.612806561346,0.100971651290201,2.22823852982312,0.22498892382469,0.326059392700691,0.776037240350072,5.45745572627729,"positive"
0.94,0.482478151964148,1.04781515463298,0.565337002668831,114.834535552754,0.103823388729654,2.22823852982312,0.231343275064219,0.333993727604612,0.79668027773305,5.44517964194861,"positive"
0.945,0.494745757929415,1.07475360901616,0.580007851086749,121.417463311969,0.106757776114997,2.22823852982312,0.237881790097666,0.342126060989084,0.817889641184415,5.43293305830931,"positive"
0.95,0.507333142930047,1.10240448262385,0.5950713396938,128.382794019012,0.109777251290169,2.22823852982312,0.244609901022828,0.350461438670972,0.839681240716629,5.4207163387693,"positive"
0.955,0.520248828243066,1.13078706758897,0.610538239345907,135.752988363369,0.112884324900595,2.22823852982312,0.251533202156576,0.359005037189331,0.862071441502483,5.40852983692416,"positive"
0.96,0.533501566655814,1.15992118881251,0.626419622156692,143.551838595702,0.116081582587199,2.22823852982312,0.258657454923642,0.36776216723305,0.885077077080334,5.39637389666127,"positive"
0.965,0.547100348863401,1.18982721891629,0.64272687005289,151.804548092991,0.119371687247012,2.22823852982312,0.265988592893786,0.376738277159104,0.908715462946676,5.38424885226694,"positive"
0.97,0.561054410045571,1.22052609362124,0.659471683575669,160.537815710105,0.122757381362381,2.22823852982312,0.273532726971847,0.385938956603822,0.933004410547516,5.37215502853472,"positive"
0.975,0.575373236628092,1.25203932756309,0.676666090935,169.779925207447,0.126241489400906,2.22823852982312,0.281296150745357,0.395369940189644,0.957962241680357,5.36009274087463,"positive"
0.98,0.590066573233923,1.28438903055834,0.694322457324412,179.560840061879,0.129826920288232,2.22823852982312,0.289285345994512,0.4050371113299,0.983607803318925,5.34806229542325,"positive"
0.985,0.605144429829536,1.31759792433324,0.712453494503703,189.912303986862,0.133516669955931,2.22823852982312,0.297506988369483,0.41494650613422,1.00996048287319,5.33606398915473,"positive"
0.99,0.620617089071959,1.35168935972934,0.731072270657376,200.867947507558,0.137313823966784,2.22823852982312,0.305967953240136,0.42510431741724,1.03704022389751,5.32409810999236,"positive"
0.995,0.636495113862246,1.38668733439908,0.750192220536833,212.463400957684,0.141221560219789,2.22823852982312,0.314675321723469,0.435516898813364,1.0648675422603,5.31216493692095,"positive"
1,0.652789355111236,1.42261651100577,0.769827155894536,224.736414287241,0.145243151737371,2.22823852982312,0.323636386894155,0.446190769000382,1.09346354278869,5.3002647400997,"positive"
1.005,0.669510959723665,1.45950223594232,0.789991276218654,237.726984093935,0.149381969537269,2.22823852982312,0.332858660183806,0.457132616034848,1.12284993640246,5.28839778097557,"positive"
1.01,0.686671378806832,1.49737055858374,0.810699179776909,251.477488316244,0.153641485591713,2.22823852982312,0.342349877974718,0.46834930180219,1.15304905775163,5.27656431239711,"positive"
1.015,0.70428237611022,1.53624825108884,0.831965874978618,266.032829052766,0.158025275876539,2.22823852982312,0.352118008394032,0.479847866584587,1.18408388337265,5.26476457872861,"positive"
1.02,0.722356036702658,1.57616282876685,0.853806792064188,281.440584000804,0.162537023512999,2.22823852982312,0.36217125831443,0.491635533749758,1.21597805037862,5.25299881596457,"positive"
1.025,0.740904775893783,1.61714257102536,0.876237795131575,297.751167037183,0.167180522005099,2.22823852982312,0.372518080567703,0.503719714563872,1.24875587569928,5.24126725184439,"positive"
1.03,0.759941348406779,1.65921654291631,0.899275194509529,315.017998496161,0.171959678575378,2.22823852982312,0.383167181377657,0.516108013131872,1.28244237588719,5.22957010596721,"positive"
1.035,0.779478857809543,1.70241461729724,0.922935759487693,333.29768573317,0.176878517602143,2.22823852982312,0.394127528019092,0.528808231468601,1.31706328750678,5.21790758990683,"positive"
1.04,0.799530766211674,1.74676749762564,0.947236731413965,352.65021459899,0.181941184161253,2.22823852982312,0.405408356709748,0.541828374704217,1.35264508812371,5.20627990732673,"positive"
1.045,0.820110904234845,1.79230674140465,0.972195837169804,373.139152487095,0.18715194767566,2.22823852982312,0.417019180742347,0.555176656427457,1.38921501791215,5.19468725409498,"positive"
1.05,0.84123348126438,1.83906478429886,0.997831303034478,394.831863657319,0.192515205675992,2.22823852982312,0.428969798864067,0.568861504170411,1.42680110189855,5.18312981839915,"positive"
1.055,0.862913095990048,1.88707496493964,1.02416186894959,417.799737581944,0.19803548767557,2.22823852982312,0.441270303911017,0.582891565038574,1.46543217286061,5.17160778086104,"positive"
1.06,0.885164747244353,1.9363715504399,1.05120680319554,442.118431105826,0.203717459163376,2.22823852982312,0.453931091705502,0.597275711490041,1.50513789490104,5.1601213146513,"positive"
1.065,0.908003845146814,1.98698976263875,1.07898591749194,467.868125260551,0.209565925718556,2.22823852982312,0.466962870224137,0.612023047267802,1.54594878771608,5.14867058560369,"positive"
1.07,0.931446222562963,2.03896580509724,1.10751958253428,495.133797623853,0.215585837250197,2.22823852982312,0.480376669045065,0.627142913489213,1.58789625157934,5.13725575232918,"positive"
1.075,0.955508146887079,2.09233689086673,1.13682874397965,524.00551117006,0.221782292366191,2.22823852982312,0.494183849082842,0.642644894896807,1.63101259306249,5.12587696632967,"positive"
1.08,0.980206332157906,2.14714127105244,1.16693493889453,554.578720615039,0.228160542875151,2.22823852982312,0.508396112619771,0.658538826274761,1.6753310515143,5.1145343721113,"positive"
1.085,1.00555795151688,2.20341826419506,1.19786031267818,586.954597320507,0.234725998425444,2.22823852982312,0.523025513642774,0.674834799035403,1.72088582632095,5.10322810729743,"positive"
1.09,1.03158065001867,2.26120828649409,1.22962763647541,621.240373887611,0.241484231285532,2.22823852982312,0.538084468495139,0.691543167980275,1.76771210497055,5.09195830274109,"positive"
1.095,1.05829255780411,2.3205528828973,1.26226032509319,657.549709638828,0.248440981269955,2.22823852982312,0.553585766852776,0.708674558240414,1.81584609194597,5.08072508263693,"positive"
1.1,1.08571230364585,2.38149475908138,1.29578245543553,696.003078260516,0.255602160815404,2.22823852982312,0.569542583034927,0.7262398724006,1.86532503847045,5.06952856463269,"positive"
1.105,1.11385902887758,2.4440778143496,1.33021878547202,736.728178956302,0.26297386021149,2.22823852982312,0.58596848765956,0.744250297812458,1.91618727313158,5.05836885994002,"positive"
1.11,1.14275240171752,2.50834717547298,1.36559477375546,779.860372544112,0.270562352990934,2.22823852982312,0.602877459654001,0.762717314101458,1.96847223340946,5.04724607344474,"positive"
1.115,1.17241263199772,2.57434923150235,1.40193659950463,825.543144017294,0.278374101484065,2.22823852982312,0.620283898631685,0.78165270087294,2.02222049813631,5.03616030381646,"positive"
1.12,1.20286048631075,2.64213166957944,1.43927118326869,873.928593183379,0.286415762542657,2.22823852982312,0.638202637646217,0.801068545622471,2.0774738209149,5.02511164361749,"positive"
1.125,1.23411730358562,2.71174351177592,1.4776262081903,925.177955092826,0.294694193438285,2.22823852982312,0.656648956334334,0.820977251855966,2.13427516452463,5.01410017941105,"positive"
1.13,1.26620501110541,2.78323515299022,1.51703014188481,979.462152074918,0.303216457940562,2.22823852982312,0.675638594459651,0.841391547425155,2.19266873634446,5.00312599186876,"positive"
1.135,1.29914614097916,2.85665839993272,1.55751225895357,1036.96237930928,0.31198983258074,2.22823852982312,0.695187765869469,0.862324493084098,2.25270002482304,4.99218915587737,"positive"
1.14,1.33296384708111,2.93206651123108,1.59910266414997,1097.87072597965,0.321021813106381,2.22823852982312,0.715313172877314,0.883789491272655,2.31441583702728,4.98128974064468,"positive"
1.145,1.36768192247073,3.0095142386879,1.64183231621717,1162.39083418193,0.330320121132932,2.22823852982312,0.736032021084239,0.905800295132927,2.37786433730141,4.97042780980464,"positive"
1.15,1.40332481730723,3.08905786972444,1.68573305241721,1230.7385978917,0.339892710998254,2.22823852982312,0.757362034652342,0.928371017764868,2.44309508706955,4.95960342152166,"positive"
1.155,1.43991765727287,3.17075527104463,1.73083761377177,1303.1429044375,0.349747776826301,2.22823852982312,0.77932147204434,0.951516141727426,2.51015908581611,4.94881662859396,"positive"
1.16,1.47748626251967,3.25466593355491,1.77717967103524,1379.84642107647,0.35989375980639,2.22823852982312,0.801929142243504,0.975250528791733,2.57910881327874,4.93806747855617,"positive"
1.165,1.51605716715449,3.34085101857622,1.82479385142173,1461.10642942792,0.370339355694641,2.22823852982312,0.825204421468668,0.999589429953064,2.6499982728904,4.92735601378089,"positive"
1.17,1.55565763927801,3.42937340538592,1.87371576610791,1547.19571068955,0.381093522544419,2.22823852982312,0.849167270399489,1.02454849570842,2.7228830365074,4.91668227157946,"positive"
1.175,1.59631570159352,3.52029774012795,1.92398203853444,1638.40348474035,0.39216548867278,2.22823852982312,0.873838251927599,1.05014378660684,2.79782029046204,4.90604628430166,"positive"
1.18,1.63806015260191,3.61369048613127,1.97563033352936,1735.03640642475,0.403564760870173,2.22823852982312,0.899238549449773,1.07639178407959,2.87486888297913,4.89544807943457,"positive"
1.185,1.68092058839975,3.70961997567733,2.02869938727758,1837.41962251488,0.415301132860851,2.22823852982312,0.925389985719739,1.10330940155784,2.95408937299732,4.88488767970037,"positive"
1.19,1.72492742509773,3.80815646325879,2.08322903816107,1945.89789306222,0.427384694021674,2.22823852982312,0.952315042275758,1.13091399588531,3.03554408043683,4.87436510315323,"positive"
1.195,1.77011192187743,3.90937218037285,2.13926025849542,2060.83678107787,0.439825838367236,2.22823852982312,0.980036879461631,1.15922337903379,3.11929713795705,4.86388036327512,"positive"
1.2,1.8165062047047,4.01334139189363,2.19683518718892,2182.62391472273,0.452635273809483,2.22823852982312,1.00857935705933,1.1882558301296,3.20541454424825,4.8534334690707,"positive"
1.205,1.86414329071863,4.1201404540699,2.25599716335128,2311.6703264454,0.465824031700237,2.22823852982312,1.03796705555201,1.21803010779926,3.29396421890329,4.84302442516112,"positive"
1.21,1.91305711331547,4.22984787419511,2.31679076087964,2448.41187377851,0.47940347666532,2.22823852982312,1.06822529803682,1.24856546284282,3.38501605891646,4.83265323187682,"positive"
1.215,1.96328254794774,4.34254437199853,2.37926182405079,2593.3107467933,0.493385316739202,2.22823852982312,1.09938017280727,1.27988165124352,3.47864199685806,4.82231988534924,"positive"
1.22,2.01485543865882,4.45831294280761,2.44345750414879,2746.85706751995,0.507781613809417,2.22823852982312,1.13145855662591,1.31199894752289,3.5749160607747,4.81202437760159,"positive"
1.225,2.06781262537453,4.57723892253311,2.50942629715858,2909.57058696686,0.522604794380234,2.22823852982312,1.16448813870833,1.34493815845026,3.67391443586691,4.80176669663843,"positive"
1.23,2.12219197197333,4.69941005453004,2.57721808255671,3082.00248571898,0.537867660665399,2.22823852982312,1.19849744544047,1.37872063711624,3.77571552799717,4.79154682653427,"positive"
1.235,2.17803239515774,4.82491655838914,2.6468841632314,3264.73728446245,0.553583402020036,2.22823852982312,1.2335158658516,1.41336829737979,3.880400029083,4.78136474752109,"positive"
1.24,2.23537389414995,4.95385120071506,2.71847730656511,3458.39487117338,0.569765606722118,2.22823852982312,1.26957367786627,1.44890362869884,3.98805098443138,4.77122043607477,"positive"
1.245,2.29425758123551,5.08630936794914,2.79205178671363,3663.63265212325,0.586428274114252,2.22823852982312,1.30670207535905,1.48534971135459,4.09875386207268,4.76111386500042,"positive"
1.25,2.35472571317959,5.22238914129645,2.86766342811685,3881.14783429296,0.60358582711682,2.22823852982312,1.34493319603685,1.52273023208,4.21259662415371,4.75104500351669,"positive"
1.255,2.41682172354096,5.36219137381838,2.94536965027741,4111.67984725523,0.621253125123906,2.22823852982312,1.38430015017411,1.56106950010331,4.32966980045152,4.74101381733891,"positive"
1.26,2.48059025590957,5.50581976975391,3.02522951384434,4356.01291308054,0.639445477293732,2.22823852982312,1.42483705022703,1.60039246361732,4.45006656407137,4.73102026876123,"positive"
1.265,2.54607719809455,5.65338096613467,3.10730376804012,4614.97877334896,0.658178656245748,2.22823852982312,1.46657904135398,1.64072472668614,4.5738828093941,4.72106431673762,"positive"
1.27,2.61332971729001,5.80498461676048,3.19165489947047,4889.45958290873,0.677468912176844,2.22823852982312,1.5095623328698,1.68209256660068,4.70121723234027,4.71114591696177,"positive"
1.275,2.68239629624686,5.96074347860457,3.27834718235771,5180.39098061684,0.697332987409577,2.22823852982312,1.55382423066268,1.72452295169503,4.83217141302039,4.70126502194594,"positive"
1.28,2.75332677047988,6.12077350071907,3.36744673023919,5488.76534792637,0.717788131385661,2.22823852982312,1.59940317060327,1.76804355963592,4.96684990084246,4.69142158109868,"positive"
1.285,2.82617236653977,6.28519391571388,3.45902154917412,5815.63526685522,0.738852116118429,2.22823852982312,1.64633875297643,1.81268279619769,5.10536030215054,4.68161554080151,"positive"
1.29,2.90098574138127,6.45412733388427,3.553141592503,6162.11718958134,0.760543252118341,2.22823852982312,1.69467177796707,1.85846981453593,5.24781337047006,4.67184684448443,"positive"
1.295,2.97782102285876,6.62769984006402,3.64987881720526,6529.39533266358,0.782880404806092,2.22823852982312,1.74444428223245,1.9054345349728,5.39432309943771,4.66211543270045,"positive"
1.3,3.0567338513822,6.80604109328438,3.74930724190218,6918.72580968934,0.8058830114283,2.22823852982312,1.79569957659442,1.95360766530776,5.5450068184966,4.65242124319897,"positive"
1.305,3.1377814227669,6.98928442932024,3.85150300655334,7331.44101699969,0.829571098491212,2.22823852982312,1.84848228488581,2.00302072166753,5.69998529143915,4.64276421099805,"positive"
1.31,3.2210225323117,7.17756696620827,3.95654443389656,7768.95428804705,0.853965299728367,2.22823852982312,1.9028383839867,2.05370604990987,5.85938281788326,4.63314426845573,"positive"
1.315,3.30651762014121,7.37102971282365,4.06451209268244,8232.76483289841,0.879086874618611,2.22823852982312,1.95881524508697,2.10569684759547,6.02332733776941,4.62356134534009,"positive"
1.32,3.39432881784858,7.56981768060499,4.17548886275642,8724.46298041661,0.904957727471394,2.22823852982312,2.01646167621293,2.15902718654349,6.19195053896934,4.61401536889844,"positive"
1.325,3.48451999647667,7.77407999851929,4.28956000204262,9245.73574173222,0.931600427096785,2.22823852982312,2.07582796605673,2.21373203598589,6.36538796809935,4.60450626392529,"positive"
1.33,3.57715681587635,7.98397003136192,4.40681321548557,9798.3727147684,0.959038227078196,2.22823852982312,2.13696592914889,2.26984728633669,6.54377914463446,4.59503395282935,"positive"
1.335,3.67230677548169,8.1996455014889,4.52733872600721,10384.2723507985,0.98729508666632,2.22823852982312,2.19992895241495,2.32740977359226,6.72726767842216,4.58559835569944,"positive"
1.34,3.77003926654351,8.42126861408225,4.65122934753874,11005.4486053127,1.01639569231343,2.22823852982312,2.26477204315902,2.38645730437972,6.91600139069776,4.57619939036936,"positive"
1.345,3.87042562586319,8.64900618605141,4.77858056018822,11664.0379968433,1.04636547986766,2.22823852982312,2.33155187851798,2.44702868167024,7.11013243870619,4.56683697248173,"positive"
1.35,3.97353919107054,8.88302977867747,4.90949058760693,12362.3070988591,1.07723065744771,2.22823852982312,2.40032685643167,2.50916373117526,7.30981744403861,4.55751101555077,"positive"
1.355,4.07945535749039,9.12351583410957,5.04406047661918,13102.660491389,1.10901822901869,2.22823852982312,2.47115714817564,2.57290332844355,7.51521762479482,4.5482214310241,"positive"
1.36,4.18825163664422,9.37064581582644,5.18239417918223,13887.6492006819,1.14175601869089,2.22823852982312,2.54410475250448,2.63828942667775,7.72649893168671,4.53896812834343,"positive"
1.365,4.30000771643399,9.62460635317898,5.32459863674499,14719.9796569566,1.17547269576358,2.22823852982312,2.61923355145547,2.70536508528953,7.94383218820046,4.52975101500435,"positive"
1.37,4.41480552305739,9.88558939013369,5.4707838670763,15602.5232021537,1.21019780053683,2.22823852982312,2.69660936786337,2.77417449921294,8.16739323493967,4.52056999661502,"positive"
1.375,4.53272928470449,10.1537923383397,5.62106305363525,16538.3261815718,1.24596177091491,2.22823852982312,2.77630002463924,2.84476302899601,8.3973630782745,4.51142497695392,"positive"
1.38,4.65386559708783,10.4294182346467,5.77555263755889,17530.6206553631,1.28279596982571,2.22823852982312,2.85837540586747,2.91717723169143,8.63392804342636,4.50231585802658,"positive"
1.385,4.77830349085901,10.7126759032031,5.93437241234408,18582.8357680886,1.32073271348131,2.22823852982312,2.94290751977688,2.9914648925672,8.87727993212096,4.49324254012133,"positive"
1.39,4.90613450096678,11.00378012227,6.09764562130326,19698.6098168916,1.35980530050542,2.22823852982312,3.02997056364387,3.06767505765939,9.12761618494713,4.48420492186409,"positive"
1.395,5.037452738013,11.3029517958887,6.26549905787571,20881.8030613569,1.40004804195462,2.22823852982312,3.11964099068669,3.14585806718902,9.3851400485624,4.47520290027219,"positive"
1.4,5.17235496166472,11.6104181305433,6.43806316887861,22136.5113207864,1.44149629226072,2.22823852982312,3.21199757901251,3.2260655898661,9.65006074789112,4.46623637080722,"positive"
1.405,5.31094065618192,11.9264128169665,6.6154721607846,23467.0804074458,1.48418648112269,2.22823852982312,3.30712150268016,3.30835065810444,9.92259366346476,4.45730522742697,"positive"
1.41,5.45331210812282,12.2511762172381,6.79786410911523,24878.1214473447,1.52815614637733,2.22823852982312,3.40509640494397,3.39276770417125,10.2029605140592,4.44840936263638,"positive"
1.415,5.59957448628995,12.584955557332,6.98538107104203,26374.5271432976,1.57344396787895,2.22823852982312,3.50600847374563,3.47937259729639,10.4913895447877,4.43954866753759,"positive"
1.42,5.74983592398211,12.9280051252722,7.17816920129006,27961.4890384021,1.62008980241895,2.22823852982312,3.60994651952342,3.56822268176664,10.7881157208135,4.43072303187908,"positive"
1.425,5.90420760361976,13.2805864750612,7.37637887144141,29644.5158416664,1.66813471971748,2.22823852982312,3.71700205541017,3.65937681603125,11.0933809268516,4.42193234410391,"positive"
1.43,6.06280384381247,13.6429686365513,7.58016479273887,31429.4528813387,1.71762103952008,2.22823852982312,3.82726937989349,3.75289541284539,11.4074341726324,4.41317649139698,"positive"
1.435,6.22574218894,14.0154283314333,7.78968614249331,33322.5027555472,1.76859236983347,2.22823852982312,3.94084566201412,3.84884048047919,11.7305318045074,4.40445535973152,"positive"
1.44,6.39314350132007,14.3982501955211,8.00510669420101,35330.2472541681,1.82109364633539,2.22823852982312,4.05783102918058,3.94727566502043,12.0629377233816,4.39576883391461,"positive"
1.445,6.56513205603817,14.7917270075189,8.22659495148073,37459.6706304161,1.87517117299485,2.22823852982312,4.17832865768074,4.04826629379999,12.4049236091615,4.38711679763185,"positive"
1.45,6.74183563851718,15.1961599244603,8.45432428594317,39718.1843055074,1.93087266394001,2.22823852982312,4.30244486597334,4.15187941996983,12.7567691519165,4.37849913349119,"positive"
1.455,6.9233856449066,15.6118587240157,8.68847307910907,42113.6530949138,1.98824728661204,2.22823852982312,4.43028921084522,4.25818386826385,13.1187622899543,4.3699157230659,"positive"
1.46,7.1099171853736,16.0391420538692,8.92922486849559,44654.4230501995,2.04734570624472,2.22823852982312,4.5619745865224,4.36725028197319,13.491199455018,4.36136644693668,"positive"
1.465,7.30156919038071,16.478337688375,9.17676849799427,47349.3510162613,2.10822013171057,2.22823852982312,4.69761732682625,4.47915117116802,13.8743858248205,4.35285118473299,"positive"
1.47,7.49848452003706,16.9297827927042,9.43129827266713,50207.8360099727,2.17092436277563,2.22823852982312,4.83733731046837,4.59396096219876,14.2686355831355,4.34436981517345,"positive"
1.475,7.70081007661318,17.3938241947051,9.6930141180919,53239.8525327997,2.23551383880633,2.22823852982312,4.98125806958105,4.71175604851085,14.6742721876729,4.33592221610561,"positive"
1.48,7.90869692031143,17.870818664702,9.96212174439055,56455.9859369336,2.30204568897308,2.22823852982312,5.12950690158302,4.83261484280753,15.0916286459736,4.32750826454472,"positive"
1.485,8.1223003883874,18.3611332034673,10.2388328150799,59867.4699718919,2.37057878399698,2.22823852982312,5.2822149844833,4.95661783059661,15.5210477995632,4.31912783671187,"positive"
1.49,8.34178021771987,18.8651453386066,10.5233651208868,63486.2266464074,2.44117378948693,2.22823852982312,5.43951749572908,5.08384762515768,15.9628826166158,4.31078080807123,"positive"
1.495,8.56730067093044,19.3832434296048,10.8159427586744,67324.9085487861,2.51389322091635,2.22823852982312,5.60155373470696,5.21438902396742,16.4174964933813,4.30246705336665,"positive"
1.5,8.79903066615612,19.9158269817879,11.1167963156317,71396.943777785,2.58880150029005,2.22823852982312,5.76846724901018,5.34832906662156,16.8852635646419,4.29418644665735,"positive"
